dataset_name,video_name,object_id,frame_idx,frame_name,is_prompt_frame,pred_iou_to_gt,gt_area_ratio,oracle_write,oracle_future_gain,oracle_gt_novelty,quality,mask_cosine,mask_change,centroid_shift,current_area_ratio,area_change,reference_temporal_gap,bank_fill_ratio
VOS-Endovis17,seq_1,1,96,00096,1,0.9685522592133295,0.02349090576171875,1,0.0,0.0,0.0,0.0,0.0,0.0,0.0,0.0,0.0,0.0
VOS-Endovis17,seq_1,1,97,00097,0,0.8431905205422746,0.026114654541015626,0,0.019200287759304047,0.3100535273551941,0.87890625,0.8872718811035156,0.25987523794174194,0.032416924834251404,0.02764892578125,0.00421142578125,1.0,0.1666666716337204
VOS-Endovis17,seq_1,1,98,00098,0,0.8892778314250241,0.03979339599609375,1,0.11921398341655731,0.5524667203426361,0.90625,0.7323846817016602,0.494163453578949,0.0545983612537384,0.043212890625,0.01556396484375,1.0,0.3333333432674408
VOS-Endovis17,seq_1,1,99,00099,0,0.9412602944355996,0.07538375854492188,1,0.45607882738113403,0.8857355862855911,0.9453125,0.26611191034317017,0.8635831475257874,0.10245786607265472,0.07525634765625,0.03204345703125,1.0,0.5
VOS-Endovis17,seq_1,1,100,00100,0,0.9483035910993611,0.06682357788085938,0,-0.020592406392097473,0.4197336435317993,0.9296875,0.7888270020484924,0.40326976776123047,0.03033694252371788,0.06781005859375,0.0074462890625,1.0,0.6666666865348816
VOS-Endovis17,seq_1,1,101,00101,0,0.9103933222515875,0.0621337890625,0,-0.10402404516935349,0.49303144216537476,0.92578125,0.9162989854812622,0.226190447807312,0.019389702007174492,0.05950927734375,0.00830078125,1.0,0.8333333134651184
VOS-Endovis17,seq_1,1,102,00102,0,0.9350377072371434,0.07269287109375,0,-0.06771107017993927,0.43945133686065674,0.9375,0.9170997738838196,0.2158808708190918,0.0288848914206028,0.0721435546875,0.01263427734375,1.0,1.0
VOS-Endovis17,seq_1,1,103,00103,0,0.9175382278830555,0.0866180419921875,1,0.06573370099067688,0.2354344129562378,0.953125,0.8349578976631165,0.3372781276702881,0.023279944434762,0.08221435546875,0.01007080078125,1.0,1.0
VOS-Endovis17,seq_1,1,104,00104,0,0.916557699283768,0.08853073120117187,0,-0.006756856106221676,0.09734123945236206,0.94921875,0.9910548329353333,0.05214285850524902,0.004066776018589735,0.084228515625,0.00201416015625,1.0,1.0
VOS-Endovis17,seq_1,1,105,00105,0,0.9413641489147823,0.08506317138671875,0,-0.0011778991902247071,0.07957327365875244,0.95703125,0.9773273468017578,0.08876562118530273,0.005886106751859188,0.083984375,0.000244140625,1.0,1.0
VOS-Endovis17,seq_1,1,106,00106,0,0.9512592374401136,0.08668670654296876,0,-0.006470567546784878,0.11617088317871094,0.9609375,0.9630164504051208,0.12347352504730225,0.00928241852670908,0.0848388671875,0.0008544921875,1.0,1.0
VOS-Endovis17,seq_1,1,107,00107,0,0.9433062491281908,0.08378982543945312,0,-9.561503247823566e-06,0.14919495582580566,0.9453125,0.9330528378486633,0.1906614899635315,0.009163456968963146,0.08544921875,0.0006103515625,1.0,1.0
VOS-Endovis17,seq_1,1,108,00108,0,0.9021706310598182,0.0420684814453125,1,0.050130534917116165,0.9996026215085294,0.87890625,0.007877536118030548,0.9990552663803101,0.1671568900346756,0.04388427734375,0.04156494140625,1.0,1.0
VOS-Endovis17,seq_1,1,109,00109,0,0.8074772401682148,0.014281463623046876,1,0.09559386968612671,0.7963005155324936,0.83984375,0.4010741412639618,0.8099877834320068,0.10933981835842133,0.0157470703125,0.02813720703125,1.0,1.0
VOS-Endovis17,seq_1,1,110,00110,0,0.7862092034214173,0.01287689208984375,0,0.015314953401684761,0.3251623511314392,0.86328125,0.8887081742286682,0.2430555820465088,0.00896686501801014,0.01513671875,0.0006103515625,1.0,1.0
VOS-Endovis17,seq_1,1,111,00111,0,0.8448681441129132,0.015961456298828124,1,0.03174489364027977,0.5651198029518127,0.8828125,0.8474322557449341,0.32716047763824463,0.019101275131106377,0.0179443359375,0.0028076171875,1.0,1.0
VOS-Endovis17,seq_1,1,112,00112,0,0.8780499542807643,0.014846038818359376,0,0.00917524192482233,0.5398133993148804,0.90625,0.6588086485862732,0.554959774017334,0.02712639980018139,0.01495361328125,0.00299072265625,1.0,1.0
VOS-Endovis17,seq_1,1,113,00113,0,0.7992146473009415,0.014312744140625,1,0.049461375921964645,0.9987888881005347,0.87890625,0.18966814875602722,0.9047619104385376,0.06450723111629486,0.0145263671875,0.00042724609375,1.0,1.0
VOS-Endovis17,seq_1,1,114,00114,0,0.8763701439117143,0.018109130859375,0,0.0,0.6043089926242828,0.8828125,0.6179431080818176,0.5870646834373474,0.05026313662528992,0.0201416015625,0.005615234375,1.0,1.0
VOS-Endovis17,seq_1,1,115,00115,0,0.8552874716224064,0.040201568603515626,1,0.18308933079242706,1.0,0.86328125,7.944712706375867e-05,1.0,0.2510163187980652,0.04034423828125,0.02020263671875,1.0,1.0
VOS-Endovis17,seq_1,1,116,00116,0,0.7473518039762977,0.028717803955078124,0,0.002504408359527588,0.9723678976297379,0.828125,0.06016974523663521,0.970108687877655,0.15919291973114014,0.029052734375,0.01129150390625,1.0,1.0
VOS-Endovis17,seq_1,1,117,00117,0,0.661280909230533,0.022005462646484376,1,0.17135757207870483,0.8685298711061478,0.77734375,0.6518224477767944,0.5943060517311096,0.028736311942338943,0.0191650390625,0.0098876953125,1.0,1.0
VOS-Endovis17,seq_1,1,118,00118,0,0.8561413902053713,0.02080078125,1,0.06830240041017532,0.3020517826080322,0.80859375,0.8417713046073914,0.38129496574401855,0.02469441294670105,0.02203369140625,0.00286865234375,1.0,1.0
VOS-Endovis17,seq_1,1,119,00119,0,0.8711459403905447,0.021334075927734376,0,0.011947037652134895,0.16038775444030762,0.875,0.9815371036529541,0.09350651502609253,0.008933196775615215,0.02276611328125,0.000732421875,1.0,1.0
VOS-Endovis17,seq_1,1,120,00120,0,0.8355882352941176,0.020836639404296874,0,0.011478396132588387,0.28821903467178345,0.8828125,0.9387986660003662,0.2034313678741455,0.009240791201591492,0.02197265625,0.00079345703125,1.0,1.0
VOS-Endovis17,seq_1,1,121,00121,0,0.8154759380962476,0.014813232421875,0,-0.02431378699839115,0.9105930104851723,0.8359375,0.41599041223526,0.7632575631141663,0.04860604926943779,0.01788330078125,0.00408935546875,1.0,1.0
VOS-Endovis17,seq_1,1,122,00122,0,0.734140435835351,0.01275482177734375,0,-0.06635875999927521,1.0,0.765625,0.476093053817749,0.7203166484832764,0.03732316941022873,0.01171875,0.00616455078125,1.0,1.0
VOS-Endovis17,seq_1,1,123,00123,0,1.0,0.0,0,-0.06212456151843071,1.0,3.3068166260807885e-18,0.0,1.0,1.0,0.0,0.01171875,1.0,1.0
VOS-Endovis17,seq_1,1,124,00124,0,1.0,0.0,0,-0.053249623626470566,1.0,5.759824041329242e-19,0.0,0.0,1.0,0.0,0.0,1.0,1.0
VOS-Endovis17,seq_1,1,125,00125,0,0.8166202596180242,0.015995025634765625,0,-0.003085574833676219,0.7921310365200043,0.89453125,0.0,1.0,1.0,0.01922607421875,0.01922607421875,1.0,1.0
VOS-Endovis17,seq_1,1,126,00126,0,0.7346378304153793,0.0049591064453125,0,0.0,0.8351216167211533,0.8125,0.3056986331939697,0.859078586101532,0.0687296986579895,0.0064697265625,0.01275634765625,1.0,1.0
VOS-Endovis17,seq_1,1,127,00127,0,1.0,0.0,0,0.0,1.0,2.439454888092385e-17,0.0,1.0,1.0,0.0,0.0064697265625,1.0,1.0
VOS-Endovis17,seq_1,1,128,00128,0,0.8560505807969416,0.013872528076171875,1,0.3254941701889038,1.0,0.8828125,0.0,1.0,1.0,0.01470947265625,0.01470947265625,1.0,1.0
VOS-Endovis17,seq_1,1,129,00129,0,0.8661392279250983,0.017038726806640626,0,-0.02874506264925003,0.29384762048721313,0.90234375,0.9184708595275879,0.21568626165390015,0.012951483018696308,0.01861572265625,0.00390625,1.0,1.0
VOS-Endovis17,seq_1,1,130,00130,0,0.7316458060900429,0.021724700927734375,1,0.09374520182609558,0.591116338968277,0.85546875,0.669173002243042,0.5402299165725708,0.027533339336514473,0.0201416015625,0.00152587890625,1.0,1.0
VOS-Endovis17,seq_1,1,131,00131,0,0.6226132864056313,0.014237213134765624,1,0.09270644187927246,0.6637561917304993,0.80859375,0.5688831806182861,0.646489143371582,0.03978104144334793,0.01397705078125,0.00616455078125,1.0,1.0
VOS-Endovis17,seq_1,1,132,00132,0,0.6428900987358125,0.01362152099609375,0,0.005093048792332411,0.12320107221603394,0.8046875,0.9425731301307678,0.2145748734474182,0.005730418022722006,0.012939453125,0.00103759765625,1.0,1.0
VOS-Endovis17,seq_1,1,133,00133,0,0.5909070608726721,0.01349334716796875,0,0.004335017874836922,0.25648772716522217,0.82421875,0.8538298606872559,0.3698112964630127,0.004694224335253239,0.013427734375,0.00048828125,1.0,1.0
VOS-Endovis17,seq_1,1,134,00134,0,0.7385630948725821,0.01791229248046875,1,0.12900547683238983,0.576721727848053,0.83984375,0.6894375681877136,0.531531572341919,0.021502919495105743,0.01641845703125,0.00299072265625,1.0,1.0
VOS-Endovis17,seq_1,1,135,00135,0,0.6802421376889461,0.018207550048828125,0,0.016764720901846886,0.3037262558937073,0.83984375,0.7388914823532104,0.4904109835624695,0.010834217071533203,0.0172119140625,0.00079345703125,1.0,1.0
VOS-Endovis17,seq_1,1,136,00136,0,0.69856279657256,0.019437408447265624,0,0.01674959436058998,0.20690792798995972,0.84765625,0.9268393516540527,0.24397587776184082,0.002099498873576522,0.01837158203125,0.00115966796875,1.0,1.0
VOS-Endovis17,seq_1,1,137,00137,0,0.7127112664224993,0.020561981201171874,0,0.008675593882799149,0.31869709491729736,0.84765625,0.9380674958229065,0.2172619104385376,0.00373269384726882,0.0181884765625,0.00018310546875,1.0,1.0
VOS-Endovis17,seq_1,1,138,00138,0,0.5356798212199705,0.01210784912109375,0,-0.005162077024579048,0.6690569519996643,0.796875,0.4663943946361542,0.7433862686157227,0.04706529155373573,0.01080322265625,0.00738525390625,1.0,1.0
VOS-Endovis17,seq_1,1,139,00139,0,0.8268919531300576,0.010680389404296876,0,-0.05302579328417778,0.7849106788635254,0.80078125,0.5839486718177795,0.6309523582458496,0.010115480050444603,0.01025390625,0.00054931640625,1.0,1.0
VOS-Endovis17,seq_1,1,140,00140,0,0.8804755590312014,0.063519287109375,1,0.2716827392578125,0.9223033338785172,0.9140625,0.024538366124033928,0.9949579834938049,0.16267500817775726,0.062744140625,0.052490234375,1.0,1.0
VOS-Endovis17,seq_1,1,141,00141,0,0.9106635430901716,0.1371734619140625,1,0.08521473407745361,0.6616603434085846,0.94921875,0.5552690625190735,0.6846249103546143,0.07222200930118561,0.1309814453125,0.0682373046875,1.0,1.0
VOS-Endovis17,seq_1,1,142,00142,0,0.919571094217755,0.1215789794921875,1,0.06744112819433212,0.27777808904647827,0.94140625,0.874599039554596,0.2858336567878723,0.026178469881415367,0.119384765625,0.0115966796875,1.0,1.0
VOS-Endovis17,seq_1,1,143,00143,0,0.9264803827517307,0.12185516357421874,0,0.002544279210269451,0.03970068693161011,0.9453125,0.9981480836868286,0.02639591693878174,0.0012605071533471346,0.117919921875,0.00146484375,1.0,1.0
VOS-Endovis17,seq_1,1,144,00144,0,0.9166641284152173,0.12182998657226562,0,0.0001183338463306427,0.03856581449508667,0.94921875,0.9994115829467773,0.009783744812011719,0.0009723425609990954,0.11798095703125,6.103515625e-05,1.0,1.0
VOS-Endovis17,seq_1,1,145,00145,0,0.921579383810678,0.05621490478515625,0,-0.0980612188577652,0.696465939283371,0.94140625,0.5038952231407166,0.7084078788757324,0.09102682024240494,0.05828857421875,0.0596923828125,1.0,1.0
VOS-Endovis17,seq_1,1,146,00146,0,0.8788032133594788,0.03307647705078125,0,-0.008576374500989914,0.7877211272716522,0.8828125,0.36810681223869324,0.7960474491119385,0.11863549053668976,0.03466796875,0.02362060546875,1.0,1.0
VOS-Endovis17,seq_1,1,147,00147,0,0.8887142902039662,0.02210693359375,1,0.06499996036291122,0.8476501107215881,0.87890625,0.5819321870803833,0.6355810761451721,0.04164418578147888,0.02337646484375,0.01129150390625,1.0,1.0
VOS-Endovis17,seq_1,1,148,00148,0,0.860990752117959,0.02074432373046875,1,0.11782287061214447,0.8823131397366524,0.875,0.21448810398578644,0.8914955854415894,0.1074136346578598,0.02276611328125,0.0006103515625,1.0,1.0
VOS-Endovis17,seq_1,1,149,00149,0,0.8688443995302215,0.025048065185546874,0,0.02193354070186615,0.5093875825405121,0.85546875,0.7204689979553223,0.49722737073898315,0.02943836711347103,0.02685546875,0.00408935546875,1.0,1.0
VOS-Endovis17,seq_1,1,150,00150,0,0.8612919991439665,0.023073577880859376,0,0.0020711366087198257,0.6024333834648132,0.87109375,0.7977283596992493,0.41472870111465454,0.01223954651504755,0.0230712890625,0.0037841796875,1.0,1.0
VOS-Endovis17,seq_1,1,151,00151,0,0.818243123336291,0.01935882568359375,0,-0.07412324100732803,0.6906790137290955,0.8125,0.6484971046447754,0.5814433097839355,0.04193690046668053,0.0189208984375,0.004150390625,1.0,1.0
VOS-Endovis17,seq_1,1,152,00152,0,0.8786124319396881,0.02967376708984375,0,-0.03903961554169655,0.6638630032539368,0.85546875,0.562131941318512,0.6672413349151611,0.04002049192786217,0.02825927734375,0.00933837890625,1.0,1.0
VOS-Endovis17,seq_1,1,153,00153,0,0.8450323531820788,0.04312286376953125,1,0.10885684192180634,0.7938447296619415,0.8671875,0.3561294674873352,0.8049535751342773,0.07853495329618454,0.04241943359375,0.01416015625,1.0,1.0
VOS-Endovis17,seq_1,1,154,00154,0,0.8180860077287099,0.03324127197265625,1,0.15012511610984802,0.6455384492874146,0.828125,0.6538147330284119,0.569460391998291,0.04431360587477684,0.03363037109375,0.0087890625,1.0,1.0
VOS-Endovis17,seq_1,1,155,00155,0,0.8475724420890675,0.03242034912109375,0,0.005592044442892075,0.18253999948501587,0.86328125,0.9593719840049744,0.16161614656448364,0.006379171274602413,0.03302001953125,0.0006103515625,1.0,1.0
VOS-Endovis17,seq_1,1,156,00156,0,0.9213171036204744,0.04629364013671875,0,-0.1369752138853073,0.7822491079568863,0.8984375,0.4093601703643799,0.7751865386962891,0.08623408526182175,0.047119140625,0.01409912109375,1.0,1.0
VOS-Endovis17,seq_1,1,157,00157,0,0.9080666601822132,0.04390411376953125,1,0.0346362330019474,0.4282649755477905,0.9296875,0.27152639627456665,0.8528072834014893,0.09446767717599869,0.045166015625,0.001953125,1.0,1.0
VOS-Endovis17,seq_1,1,158,00158,0,0.7028174911766465,0.024031829833984376,0,0.0035928674042224884,0.6918997466564178,0.89453125,0.41619592905044556,0.7791907787322998,0.061052218079566956,0.019287109375,0.02587890625,1.0,1.0
VOS-Endovis17,seq_1,1,159,00159,0,0.8512082011227727,0.029618072509765624,0,-0.02100750431418419,0.5926482975482941,0.875,0.795865535736084,0.3907563090324402,0.05494026094675064,0.0274658203125,0.0081787109375,1.0,1.0
VOS-Endovis17,seq_1,1,160,00160,0,0.9203718276608303,0.030074310302734376,0,-0.02043130062520504,0.46006637811660767,0.8359375,0.8187637329101562,0.35512369871139526,0.03782382234930992,0.02935791015625,0.00189208984375,1.0,1.0
VOS-Endovis17,seq_1,1,161,00161,0,0.9008870806376309,0.021739959716796875,1,0.07142491638660431,1.0,0.86328125,1.702926238067448e-05,1.0,0.2099548876285553,0.021484375,0.00787353515625,1.0,1.0
VOS-Endovis17,seq_1,1,162,00162,0,0.859058783800082,0.030568695068359374,0,-0.06518761813640594,0.9099494442343712,0.89453125,0.19617225229740143,0.8999999761581421,0.13152167201042175,0.0281982421875,0.0067138671875,1.0,1.0
VOS-Endovis17,seq_1,1,163,00163,0,0.9483513256516389,0.10601882934570313,1,0.1184055358171463,0.8437754660844803,0.94921875,0.5052428841590881,0.7566196918487549,0.14119434356689453,0.10650634765625,0.07830810546875,1.0,1.0
VOS-Endovis17,seq_1,1,164,00164,0,0.9276652650444613,0.26882781982421877,0,-0.0037424378097057343,0.8056431412696838,0.93359375,0.39559754729270935,0.7947138547897339,0.1966145634651184,0.263671875,0.15716552734375,1.0,1.0
VOS-Endovis17,seq_1,1,165,00165,0,0.953079194616472,0.2782630920410156,0,-0.12556077539920807,0.944956935942173,0.95703125,0.6615906953811646,0.5470211505889893,0.1213412955403328,0.27667236328125,0.01300048828125,1.0,1.0
VOS-Endovis17,seq_1,1,166,00166,0,0.8759724000840995,0.11651077270507812,0,0.0007099509239196777,0.6723503768444061,0.89453125,0.37481245398521423,0.8123587369918823,0.25722822546958923,0.10809326171875,0.1685791015625,1.0,1.0
VOS-Endovis17,seq_1,1,167,00167,0,0.8496444550111311,0.06987228393554687,0,-0.11146724969148636,0.9255233854055405,0.890625,0.6209872364997864,0.6171600818634033,0.12626060843467712,0.06011962890625,0.0479736328125,1.0,1.0
VOS-Endovis17,seq_1,1,168,00168,0,0.8453890164739616,0.05689697265625,0,-0.13686010241508484,0.7053655982017517,0.88671875,0.49116429686546326,0.7034082412719727,0.076640784740448,0.04901123046875,0.0111083984375,1.0,1.0
VOS-Endovis17,seq_1,1,169,00169,0,0.8983959962189769,0.09871902465820312,0,-0.0216286052018404,0.3408617377281189,0.9375,0.41752344369888306,0.7736520767211914,0.16160647571086884,0.09814453125,0.04913330078125,1.0,1.0
VOS-Endovis17,seq_1,1,170,00170,0,0.8770666295286792,0.11003494262695312,0,-0.11809486150741577,0.8562485426664352,0.90625,0.15637333691120148,0.9215559363365173,0.1737023890018463,0.10491943359375,0.00677490234375,1.0,1.0
VOS-Endovis17,seq_1,1,171,00171,0,0.8665800427753375,0.06047744750976562,1,0.18077221512794495,0.7363416850566864,0.90234375,0.00029600554262287915,1.0,0.25081151723861694,0.06353759765625,0.0413818359375,1.0,1.0
VOS-Endovis17,seq_1,1,172,00172,0,0.6977845896614184,0.01019134521484375,0,-0.2754453420639038,1.0,0.82421875,0.0653296560049057,0.9800865650177002,0.13131888210773468,0.00836181640625,0.05517578125,1.0,1.0
VOS-Endovis17,seq_1,1,173,00173,0,0.6719307480844593,0.02501068115234375,0,-0.002473447471857071,0.697217732667923,0.87109375,0.27836906909942627,0.862694263458252,0.09032782912254333,0.0184326171875,0.01007080078125,1.0,1.0
VOS-Endovis17,seq_1,1,174,00174,0,0.6868947021136204,0.034954071044921875,1,0.06897544860839844,0.45265841484069824,0.8828125,0.2104092240333557,0.891640841960907,0.040200747549533844,0.0252685546875,0.0068359375,1.0,1.0
VOS-Endovis17,seq_1,1,175,00175,0,0.6558173848891203,0.034143829345703126,0,0.002605987712740898,0.035784780979156494,0.8828125,0.9829779863357544,0.07194244861602783,0.003916420508176088,0.0238037109375,0.00146484375,1.0,1.0
VOS-Endovis17,seq_1,1,176,00176,0,0.6165279869632848,0.029404449462890624,0,-0.009774969890713692,0.33070802688598633,0.8828125,0.5467395186424255,0.6672862768173218,0.02396240085363388,0.01995849609375,0.00384521484375,1.0,1.0
VOS-Endovis17,seq_1,1,177,00177,0,0.5537110986436091,0.022176361083984374,0,-0.0626545250415802,0.6805166304111481,0.84375,0.31828102469444275,0.8354700803756714,0.03189699724316597,0.0133056640625,0.00665283203125,1.0,1.0
VOS-Endovis17,seq_1,1,178,00178,0,0.805592841163311,0.00313720703125,0,-0.00509542366489768,0.9102477356791496,0.79296875,0.01789047382771969,0.9962546825408936,0.17387208342552185,0.0030517578125,0.01025390625,1.0,1.0
VOS-Endovis17,seq_1,1,179,00179,0,0.6474910035985606,0.0139739990234375,1,0.12961693108081818,0.907962404191494,0.8046875,0.31366637349128723,0.8663366436958313,0.07123477756977081,0.01092529296875,0.00787353515625,1.0,1.0
VOS-Endovis17,seq_1,1,180,00180,0,0.5547824225231494,0.01327362060546875,0,-0.0010540015064179897,0.489319384098053,0.8203125,0.493605375289917,0.7103174924850464,0.012084458023309708,0.0089111328125,0.00201416015625,1.0,1.0
VOS-Endovis17,seq_1,1,181,00181,0,0.5556958762886598,0.023403167724609375,0,0.05833183601498604,0.8890677765011787,0.8515625,0.20032355189323425,0.9081196784973145,0.12368311733007431,0.02227783203125,0.01336669921875,1.0,1.0
VOS-Endovis17,seq_1,1,182,00182,0,0.9020928116469518,0.08475112915039062,1,0.29713788628578186,0.9032884165644646,0.9296875,0.14239415526390076,0.9432799220085144,0.11846404522657394,0.08233642578125,0.06005859375,1.0,1.0
VOS-Endovis17,seq_1,1,183,00183,0,0.9279954143208248,0.0924285888671875,0,0.016431566327810287,0.2354322075843811,0.9296875,0.8952843546867371,0.25317221879959106,0.0261540487408638,0.0941162109375,0.01177978515625,1.0,1.0
VOS-Endovis17,seq_1,1,184,00184,0,0.9259044454197756,0.09121856689453126,0,-0.013761325739324093,0.25004929304122925,0.94921875,0.9937127828598022,0.04893350601196289,0.003701495938003063,0.095703125,0.0015869140625,1.0,1.0
VOS-Endovis17,seq_1,1,185,00185,0,0.9234538980509746,0.07695999145507812,1,0.18813417851924896,0.519463837146759,0.91796875,0.7071726322174072,0.49578946828842163,0.04360561817884445,0.0787353515625,0.0169677734375,1.0,1.0
VOS-Endovis17,seq_1,1,186,00186,0,0.9061983031334953,0.0757537841796875,0,-0.07995527982711792,0.26268279552459717,0.921875,0.8910471796989441,0.26925748586654663,0.017482711002230644,0.073486328125,0.0052490234375,1.0,1.0
VOS-Endovis17,seq_1,1,187,00187,0,0.9083875781763915,0.07334365844726562,0,0.02158108726143837,0.16873180866241455,0.92578125,0.9026626944541931,0.2505430579185486,0.011657822877168655,0.073974609375,0.00048828125,1.0,1.0
VOS-Endovis17,seq_1,1,188,00188,0,0.8928805679895976,0.060884857177734376,0,-0.13390275835990906,0.7973854541778564,0.921875,0.3511506915092468,0.8019118309020996,0.10252770781517029,0.063720703125,0.01025390625,1.0,1.0
VOS-Endovis17,seq_1,1,189,00189,0,0.8549698969549612,0.047351837158203125,0,-0.1010051965713501,0.7737497687339783,0.90625,0.8231203556060791,0.36235707998275757,0.032972127199172974,0.0499267578125,0.0137939453125,1.0,1.0
VOS-Endovis17,seq_1,1,190,00190,0,0.8618324901630129,0.048708343505859376,0,-0.09601807594299316,0.7309917509555817,0.91015625,0.9076261520385742,0.24789029359817505,0.01419094018638134,0.05145263671875,0.00152587890625,1.0,1.0
VOS-Endovis17,seq_1,1,191,00191,0,0.8650355393197973,0.04853363037109375,0,-0.13102561235427856,0.7282981872558594,0.91796875,0.9931529760360718,0.05529952049255371,0.0011943355202674866,0.05157470703125,0.0001220703125,1.0,1.0
VOS-Endovis17,seq_1,1,192,00192,0,0.8807900022853294,0.059429931640625,0,-0.14988820254802704,0.6039997637271881,0.9140625,0.8261477947235107,0.3664259910583496,0.024253390729427338,0.05889892578125,0.00732421875,1.0,1.0
VOS-Endovis17,seq_1,1,193,00193,0,0.9166937743313152,0.06903076171875,1,0.04019664227962494,0.2535207271575928,0.91796875,0.660290539264679,0.546583890914917,0.045554619282484055,0.06964111328125,0.0107421875,1.0,1.0
VOS-Endovis17,seq_1,1,194,00194,0,0.9233304922005772,0.07131118774414062,0,0.007045324891805649,0.10432213544845581,0.92578125,0.9738911390304565,0.10855263471603394,0.004383558873087168,0.07073974609375,0.0010986328125,1.0,1.0
VOS-Endovis17,seq_1,1,195,00195,0,0.909578902421667,0.07022476196289062,0,-0.006502983625978231,0.1343398094177246,0.92578125,0.9886326193809509,0.07325100898742676,0.0028957591857761145,0.0721435546875,0.00140380859375,1.0,1.0
VOS-Endovis17,seq_1,1,196,00196,0,0.9039512026988918,0.06845474243164062,0,-0.01845291629433632,0.165105402469635,0.921875,0.9863284230232239,0.0729684829711914,0.006863633636385202,0.0697021484375,0.00244140625,1.0,1.0
VOS-Endovis17,seq_1,1,197,00197,0,0.8233154640479466,0.041302490234375,0,-0.061119645833969116,0.9542631134390831,0.8828125,0.09876088052988052,0.9535911679267883,0.1370631903409958,0.0458984375,0.0238037109375,1.0,1.0
VOS-Endovis17,seq_1,1,198,00198,0,0.8035991442594068,0.0332489013671875,0,-0.22961895167827606,0.9885546574369073,0.89453125,0.6550472378730774,0.5570621490478516,0.03770487383008003,0.03204345703125,0.01385498046875,1.0,1.0
VOS-Endovis17,seq_1,1,199,00199,0,0.8292744444133061,0.04900283813476562,1,0.0620490163564682,0.7954764813184738,0.890625,0.25793179869651794,0.8648194670677185,0.08316553384065628,0.05047607421875,0.0184326171875,1.0,1.0
VOS-Endovis17,seq_1,1,200,00200,0,0.7426684670239251,0.02909393310546875,0,-0.3483116328716278,0.9147149547934532,0.84375,0.16418826580047607,0.9192156791687012,0.13921001553535461,0.03363037109375,0.016845703125,1.0,1.0
VOS-Endovis17,seq_1,1,201,00201,0,0.7144897832432768,0.021021270751953126,1,0.14496192336082458,0.6290758550167084,0.83984375,0.020800869911909103,0.996602475643158,0.10284493118524551,0.02044677734375,0.01318359375,1.0,1.0
VOS-Endovis17,seq_1,1,202,00202,0,0.7198224617579456,0.0250396728515625,1,0.034530557692050934,0.23201942443847656,0.86328125,0.9026477336883545,0.26650941371917725,0.015622168779373169,0.0244140625,0.00396728515625,1.0,1.0
VOS-Endovis17,seq_1,1,203,00203,0,0.7554878510332299,0.03513946533203125,1,0.0724775493144989,0.490431010723114,0.87109375,0.6798534989356995,0.5525926351547241,0.030858445912599564,0.03521728515625,0.01080322265625,1.0,1.0
VOS-Endovis17,seq_1,1,204,00204,0,0.7519483241554086,0.035106658935546875,0,0.005164189264178276,0.12684625387191772,0.8671875,0.9662778377532959,0.13192182779312134,0.004601156339049339,0.0347900390625,0.00042724609375,1.0,1.0
VOS-Endovis17,seq_1,1,205,00205,0,0.74834607613992,0.034381866455078125,0,0.004710787907242775,0.16871321201324463,0.87109375,0.9611221551895142,0.1430976390838623,0.0029220895376056433,0.03253173828125,0.00225830078125,1.0,1.0
VOS-Endovis17,seq_1,1,206,00206,0,0.7250302198365055,0.03472900390625,0,0.006238620728254318,0.19465363025665283,0.85546875,0.964880645275116,0.1412639617919922,0.017479537054896355,0.02850341796875,0.0040283203125,1.0,1.0
VOS-Endovis17,seq_1,1,207,00207,0,0.7273924957841484,0.025798797607421875,0,-0.033622611314058304,0.5076603889465332,0.85546875,0.5628980398178101,0.660937488079071,0.026489553973078728,0.0238037109375,0.00469970703125,1.0,1.0
VOS-Endovis17,seq_1,1,208,00208,0,0.6845555100368701,0.024745941162109375,0,-0.15601792931556702,0.673096090555191,0.85546875,0.6807186007499695,0.5383104085922241,0.013912476599216461,0.0216064453125,0.002197265625,1.0,1.0
VOS-Endovis17,seq_1,1,209,00209,0,0.6948065546306476,0.026523590087890625,0,-0.11109121143817902,0.6179377436637878,0.85546875,0.8971797823905945,0.2542372941970825,0.004891602788120508,0.02239990234375,0.00079345703125,1.0,1.0
VOS-Endovis17,seq_1,1,210,00210,0,0.8390630566441041,0.05483245849609375,0,-0.08196115493774414,0.4705134630203247,0.8984375,0.4464758038520813,0.7643622159957886,0.0676446259021759,0.0550537109375,0.03265380859375,1.0,1.0
VOS-Endovis17,seq_1,1,211,00211,0,0.8336376695152533,0.060048675537109374,0,-0.32877904176712036,0.7680937647819519,0.890625,0.6092899441719055,0.599056601524353,0.04718977212905884,0.0537109375,0.0013427734375,1.0,1.0
VOS-Endovis17,seq_1,1,212,00212,0,0.6746621354619458,0.01747589111328125,0,-0.061325982213020325,0.597494512796402,0.83203125,0.11177460849285126,0.9581005573272705,0.11630116403102875,0.01458740234375,0.03912353515625,1.0,1.0
VOS-Endovis17,seq_1,1,213,00213,0,0.7262821717076836,0.021593475341796876,0,-0.08736575394868851,0.4487765431404114,0.84375,0.5194757580757141,0.6951501369476318,0.025494540110230446,0.0198974609375,0.00531005859375,1.0,1.0
VOS-Endovis17,seq_1,1,214,00214,0,0.8515068493150685,0.03487396240234375,0,-0.06960664689540863,0.3333091139793396,0.85546875,0.6874488592147827,0.550247073173523,0.02696705237030983,0.0338134765625,0.013916015625,1.0,1.0
VOS-Endovis17,seq_1,1,215,00215,0,0.83007630351844,0.033121490478515626,0,-0.13186700642108917,0.33340781927108765,0.875,0.9679762721061707,0.1376936435699463,0.002664868487045169,0.0322265625,0.0015869140625,1.0,1.0
VOS-Endovis17,seq_1,1,216,00216,0,0.7945764926897002,0.02509002685546875,1,0.13358649611473083,0.46785056591033936,0.85546875,0.5209341049194336,0.6839887499809265,0.04058124125003815,0.02496337890625,0.00726318359375,1.0,1.0
VOS-Endovis17,seq_1,1,217,00217,0,0.7743484415332094,0.02462921142578125,1,0.03477337211370468,0.4781654477119446,0.85546875,0.6468961834907532,0.5621621608734131,0.0223433468490839,0.02374267578125,0.001220703125,1.0,1.0
VOS-Endovis17,seq_1,1,218,00218,0,0.8338280032648215,0.03653106689453125,0,0.007902204990386963,0.44808828830718994,0.890625,0.7717459201812744,0.45714282989501953,0.02711603417992592,0.03887939453125,0.01513671875,1.0,1.0
VOS-Endovis17,seq_1,1,219,00219,0,0.7739611115890906,0.030374908447265626,0,-0.22060886025428772,0.6481849551200867,0.85546875,0.484870582818985,0.723568320274353,0.052304260432720184,0.0318603515625,0.00701904296875,1.0,1.0
VOS-Endovis17,seq_1,1,220,00220,0,0.8025928561811152,0.034344482421875,0,-0.08283106982707977,0.4479248523712158,0.890625,0.7161887288093567,0.5119363069534302,0.03638037294149399,0.03662109375,0.0047607421875,1.0,1.0
VOS-Endovis17,seq_1,1,221,00221,0,0.8711344591433068,0.033159637451171876,1,0.10190874338150024,0.4243098497390747,0.86328125,0.7267681360244751,0.49934637546539307,0.0306145790964365,0.033447265625,0.003173828125,1.0,1.0
VOS-Endovis17,seq_1,1,222,00222,0,0.8484403106216821,0.03001556396484375,0,-0.11745966970920563,0.3636022210121155,0.875,0.8524472713470459,0.3292868137359619,0.01807389222085476,0.03375244140625,0.00030517578125,1.0,1.0
VOS-Endovis17,seq_1,1,223,00223,0,0.8380433223353895,0.027071380615234376,0,-0.04388067126274109,0.26614248752593994,0.8828125,0.8770086765289307,0.29712462425231934,0.017972154542803764,0.03131103515625,0.00244140625,1.0,1.0
VOS-Endovis17,seq_1,1,224,00224,0,0.8734061223538914,0.04518280029296875,0,0.0,0.529731810092926,0.91015625,0.7163949608802795,0.5145857334136963,0.051817771047353745,0.04638671875,0.01507568359375,1.0,1.0
VOS-Endovis17,seq_1,2,0,00000,1,0.9824657821046295,0.05761795043945313,1,0.0,0.0,0.0,0.0,0.0,0.0,0.0,0.0,0.0,0.0
VOS-Endovis17,seq_1,2,1,00001,0,0.8678721603130768,0.04812545776367187,0,0.01466038916260004,0.5841828882694244,0.89453125,0.6659029722213745,0.527845025062561,0.019143158569931984,0.0537109375,0.00390625,1.0,0.1666666716337204
VOS-Endovis17,seq_1,2,2,00002,0,0.88065792557665,0.049817657470703124,0,-0.017143938690423965,0.6934560537338257,0.91796875,0.6658225655555725,0.5433526039123535,0.056630734354257584,0.053955078125,0.000244140625,1.0,0.3333333432674408
VOS-Endovis17,seq_1,2,3,00003,0,0.8103725800020675,0.045430755615234374,0,-0.07878617942333221,0.8976830318570137,0.90625,0.2812710404396057,0.8474810123443604,0.10647284984588623,0.0479736328125,0.0059814453125,1.0,0.5
VOS-Endovis17,seq_1,2,4,00004,0,0.8749060811697218,0.057177734375,0,-0.018160849809646606,0.9472818858921528,0.92578125,0.39016902446746826,0.7686007022857666,0.07310067862272263,0.0621337890625,0.01416015625,1.0,0.6666666865348816
VOS-Endovis17,seq_1,2,5,00005,0,0.8884675416034645,0.0624542236328125,0,-0.14438924193382263,0.9856595946475863,0.9453125,0.7042644023895264,0.4872521162033081,0.05102153867483139,0.0682373046875,0.006103515625,1.0,0.8333333134651184
VOS-Endovis17,seq_1,2,6,00006,0,0.8938818996468081,0.047154998779296874,0,-0.2380000799894333,0.9944865456782281,0.94140625,0.7291737794876099,0.4605160355567932,0.0025173774920403957,0.05194091796875,0.01629638671875,1.0,1.0
VOS-Endovis17,seq_1,2,7,00007,0,0.9312785088130948,0.038401031494140626,0,-0.3134404420852661,0.9947442412376404,0.92578125,0.47561344504356384,0.7039586901664734,0.06429567188024521,0.03997802734375,0.011962890625,1.0,1.0
VOS-Endovis17,seq_1,2,8,00008,0,0.9143018519152433,0.04129714965820312,0,-0.09848077595233917,0.5388585925102234,0.91796875,0.005750694777816534,0.9985369443893433,0.18465165793895721,0.0435791015625,0.00360107421875,1.0,1.0
VOS-Endovis17,seq_1,2,9,00009,0,0.8348344109093989,0.04965896606445312,0,-0.09314513206481934,0.4863229990005493,0.91015625,0.8443036079406738,0.3270925283432007,0.012360031716525555,0.04913330078125,0.00555419921875,1.0,1.0
VOS-Endovis17,seq_1,2,10,00010,0,0.840056206375147,0.045465850830078126,0,-0.13695845007896423,0.6123509407043457,0.8984375,0.5976120829582214,0.6106666326522827,0.04346602410078049,0.0462646484375,0.00286865234375,1.0,1.0
VOS-Endovis17,seq_1,2,11,00011,0,0.8238612819940714,0.03977127075195312,1,0.04429941624403,0.6495493352413177,0.87890625,0.3528338372707367,0.8082618713378906,0.09055577963590622,0.04705810546875,0.00079345703125,1.0,1.0
VOS-Endovis17,seq_1,2,12,00012,0,0.6982160001786233,0.030652618408203124,0,-0.29152631759643555,0.9597917459905148,0.828125,0.09977015852928162,0.9542314410209656,0.13266097009181976,0.02685546875,0.02020263671875,1.0,1.0
VOS-Endovis17,seq_1,2,13,00013,0,0.7460133696829369,0.037770843505859374,0,-0.006561063230037689,0.6779916882514954,0.84765625,0.2954808175563812,0.8505882024765015,0.07295330613851547,0.03277587890625,0.00592041015625,1.0,1.0
VOS-Endovis17,seq_1,2,14,00014,0,0.6614510391011091,0.043084716796875,1,0.08132316172122955,0.6222867667675018,0.84765625,0.8272019624710083,0.375,0.011411073617637157,0.03546142578125,0.002685546875,1.0,1.0
VOS-Endovis17,seq_1,2,15,00015,0,0.6811302188276088,0.04593963623046875,0,0.027632948011159897,0.28740423917770386,0.83203125,0.7611966133117676,0.4596026539802551,0.017639677971601486,0.0355224609375,6.103515625e-05,1.0,1.0
VOS-Endovis17,seq_1,2,16,00016,0,0.6920487695414765,0.047430419921875,0,-0.009597478434443474,0.42445653676986694,0.8515625,0.8948196172714233,0.29535865783691406,0.007773460354655981,0.0384521484375,0.0029296875,1.0,1.0
VOS-Endovis17,seq_1,2,17,00017,0,0.6643231399447461,0.036649322509765624,0,-0.19810757040977478,0.8095026612281799,0.8125,0.432436466217041,0.7589285373687744,0.06405147165060043,0.0294189453125,0.009033203125,1.0,1.0
VOS-Endovis17,seq_1,2,18,00018,0,0.8321505047415112,0.022069549560546874,0,-0.09677156805992126,0.7656963616609573,0.83203125,0.7461095452308655,0.466549277305603,0.05321440473198891,0.02374267578125,0.00567626953125,1.0,1.0
VOS-Endovis17,seq_1,2,19,00019,0,0.8699860596017781,0.0269500732421875,0,-0.03780201077461243,0.5473017990589142,0.88671875,0.5935981869697571,0.625,0.04760967567563057,0.02728271484375,0.0035400390625,1.0,1.0
VOS-Endovis17,seq_1,2,20,00020,0,0.8232701322325614,0.03012542724609375,0,-0.1892203837633133,0.6800643801689148,0.890625,0.6453144550323486,0.5705426335334778,0.03547990694642067,0.02899169921875,0.001708984375,1.0,1.0
VOS-Endovis17,seq_1,2,21,00021,0,0.8421554601812112,0.028710174560546874,0,-0.03990517556667328,0.5809482038021088,0.88671875,0.5925818681716919,0.6174784898757935,0.044296760112047195,0.0299072265625,0.00091552734375,1.0,1.0
VOS-Endovis17,seq_1,2,22,00022,0,0.8355748856919817,0.030342864990234374,0,-0.01824115216732025,0.5960379838943481,0.8984375,0.7647348046302795,0.4403669834136963,0.02510559745132923,0.0323486328125,0.00244140625,1.0,1.0
VOS-Endovis17,seq_1,2,23,00023,0,0.827595403729469,0.031473541259765626,0,-0.040505606681108475,0.5184202492237091,0.890625,0.9100217819213867,0.2140411138534546,0.013041150756180286,0.03131103515625,0.00103759765625,1.0,1.0
VOS-Endovis17,seq_1,2,24,00024,0,0.8465195891974134,0.03806991577148437,1,0.0967584028840065,0.41643840074539185,0.890625,0.70257568359375,0.5134146213531494,0.03337891772389412,0.0430908203125,0.01177978515625,1.0,1.0
VOS-Endovis17,seq_1,2,25,00025,0,0.8507636452764289,0.04315109252929687,0,-0.007361479103565216,0.32999199628829956,0.87890625,0.9190705418586731,0.23356807231903076,0.014683469198644161,0.04876708984375,0.00567626953125,1.0,1.0
VOS-Endovis17,seq_1,2,26,00026,0,0.8501621396483503,0.044927215576171874,1,0.24663493037223816,0.4077456593513489,0.89453125,0.8689794540405273,0.32116788625717163,0.013873264193534851,0.04949951171875,0.000732421875,1.0,1.0
VOS-Endovis17,seq_1,2,27,00027,0,0.8294562024102164,0.046489715576171875,1,0.042600058019161224,0.24336248636245728,0.89453125,0.9055889844894409,0.24916571378707886,0.0035614967346191406,0.04656982421875,0.0029296875,1.0,1.0
VOS-Endovis17,seq_1,2,28,00028,0,0.8444030129017824,0.046380615234375,1,0.07604464143514633,0.12641221284866333,0.88671875,0.9857053756713867,0.06407034397125244,0.006487780716270208,0.0474853515625,0.00091552734375,1.0,1.0
VOS-Endovis17,seq_1,2,29,00029,0,0.8592458067564375,0.04746856689453125,0,0.036214590072631836,0.07112729549407959,0.89453125,0.9887372255325317,0.0903540849685669,0.003555071307346225,0.0479736328125,0.00048828125,1.0,1.0
VOS-Endovis17,seq_1,2,30,00030,0,0.8501318488133607,0.04763717651367187,0,0.023518159985542297,0.07547789812088013,0.9140625,0.9943188428878784,0.04353231191635132,0.0009600589983165264,0.04803466796875,6.103515625e-05,1.0,1.0
VOS-Endovis17,seq_1,2,31,00031,0,0.8247811051431094,0.047710418701171875,1,0.0992824137210846,0.17649930715560913,0.90234375,0.9462176561355591,0.17785632610321045,0.00838024914264679,0.04638671875,0.00164794921875,1.0,1.0
VOS-Endovis17,seq_1,2,32,00032,0,0.8446933099107012,0.048877716064453125,0,0.024629421532154083,0.1300128698348999,0.89453125,0.9981504678726196,0.02461141347885132,0.0010254195658490062,0.04669189453125,0.00030517578125,1.0,1.0
VOS-Endovis17,seq_1,2,33,00033,0,0.8435380104162108,0.0492462158203125,0,0.018590688705444336,0.0969616174697876,0.89453125,0.9989607334136963,0.022049307823181152,0.0010775356786325574,0.04638671875,0.00030517578125,1.0,1.0
VOS-Endovis17,seq_1,2,34,00034,0,0.8202429742388759,0.04768447875976563,0,-0.0009929090738296509,0.14917773008346558,0.90234375,0.9986084699630737,0.016883134841918945,0.0013568063732236624,0.04681396484375,0.00042724609375,1.0,1.0
VOS-Endovis17,seq_1,2,35,00035,0,0.8351114984672717,0.046443939208984375,0,0.008557505905628204,0.12759822607040405,0.90625,0.997927725315094,0.028460562229156494,0.0012072217650711536,0.04620361328125,0.0006103515625,1.0,1.0
VOS-Endovis17,seq_1,2,36,00036,0,0.8622411914275336,0.047138214111328125,0,0.011625967919826508,0.1160781979560852,0.8984375,0.997516930103302,0.02607560157775879,0.0008973156218416989,0.04620361328125,0.0,1.0,1.0
VOS-Endovis17,seq_1,2,37,00037,0,0.8510783097909924,0.0472930908203125,0,0.02726520597934723,0.09536701440811157,0.8984375,0.9988429546356201,0.01451188325881958,0.0010495968163013458,0.045654296875,0.00054931640625,1.0,1.0
VOS-Endovis17,seq_1,2,38,00038,0,0.8478733126582468,0.04727783203125,0,0.00852745771408081,0.13193196058273315,0.8984375,0.9899581670761108,0.06666666269302368,0.002032294636592269,0.04638671875,0.000732421875,1.0,1.0
VOS-Endovis17,seq_1,2,39,00039,0,0.8265479910548998,0.047069549560546875,0,-0.0004105567932128906,0.1381511688232422,0.8984375,0.9986864328384399,0.02960103750228882,0.002674264134839177,0.04705810546875,0.00067138671875,1.0,1.0
VOS-Endovis17,seq_1,2,40,00040,0,0.83214074512123,0.04745025634765625,0,0.0044907256960868835,0.12448877096176147,0.90234375,0.9993258714675903,0.020565569400787354,0.0005969852791167796,0.04693603515625,0.0001220703125,1.0,1.0
VOS-Endovis17,seq_1,2,41,00041,0,0.843351142772336,0.0476348876953125,0,0.00857466459274292,0.108706533908844,0.90234375,0.9989529848098755,0.018041253089904785,0.0019507665419951081,0.04693603515625,0.0,1.0,1.0
VOS-Endovis17,seq_1,2,42,00042,0,0.8413655811742334,0.047550201416015625,0,0.013639278709888458,0.09609490633010864,0.90625,0.9984598755836487,0.03213369846343994,0.0013244646834209561,0.0465087890625,0.00042724609375,1.0,1.0
VOS-Endovis17,seq_1,2,43,00043,0,0.8473966343641277,0.0473968505859375,0,0.004567988216876984,0.1076432466506958,0.90625,0.9973598718643188,0.034838736057281494,0.0010186387225985527,0.04644775390625,6.103515625e-05,1.0,1.0
VOS-Endovis17,seq_1,2,44,00044,0,0.8404761904761905,0.04699630737304687,0,0.002439392264932394,0.08337581157684326,0.8984375,0.997094988822937,0.025940358638763428,0.0007690910715609789,0.04644775390625,0.0,1.0,1.0
VOS-Endovis17,seq_1,2,45,00045,0,0.8277158026606216,0.04720306396484375,0,-0.002948075532913208,0.10262787342071533,0.89453125,0.999045729637146,0.018300652503967285,0.0007435854058712721,0.04608154296875,0.0003662109375,1.0,1.0
VOS-Endovis17,seq_1,2,46,00046,0,0.8723022606913046,0.047168731689453125,0,6.212749576661736e-05,0.41022688150405884,0.890625,0.8215122222900391,0.3703330159187317,0.02876823954284191,0.052490234375,0.00640869140625,1.0,1.0
VOS-Endovis17,seq_1,2,47,00047,0,0.919453145218144,0.08022232055664062,1,0.34963181614875793,1.0,0.921875,0.005716241430491209,0.9991019368171692,0.2261771559715271,0.08355712890625,0.03106689453125,1.0,1.0
VOS-Endovis17,seq_1,2,48,00048,0,0.9023742431742888,0.072967529296875,1,0.050094734877347946,0.42981481552124023,0.94140625,0.7657386064529419,0.4270588159561157,0.03665309399366379,0.07965087890625,0.00390625,1.0,1.0
VOS-Endovis17,seq_1,2,49,00049,0,0.9034284320897342,0.07290267944335938,0,0.019663847982883453,0.19525200128555298,0.94921875,0.9398894906044006,0.17790532112121582,0.017722973600029945,0.07537841796875,0.0042724609375,1.0,1.0
VOS-Endovis17,seq_1,2,50,00050,0,0.9143662143743516,0.07096176147460938,0,0.025227537378668785,0.3810672163963318,0.94140625,0.8859825730323792,0.26171594858169556,0.014023030176758766,0.07177734375,0.00360107421875,1.0,1.0
VOS-Endovis17,seq_1,2,51,00051,0,0.9205424303421973,0.06710052490234375,0,0.001728502451442182,0.3644251823425293,0.9375,0.9245331287384033,0.2035466432571411,0.012797834351658821,0.0704345703125,0.0013427734375,1.0,1.0
VOS-Endovis17,seq_1,2,52,00052,0,0.5135726795096323,0.0011505126953125,0,-0.1905517727136612,1.0,0.6953125,2.4735529677855084e-06,1.0,0.32417333126068115,0.0015869140625,0.06884765625,1.0,1.0
VOS-Endovis17,seq_1,2,53,00053,0,1.0,0.0,0,-0.1607489287853241,1.0,2.0057740190981832e-18,0.0,1.0,1.0,0.0,0.0015869140625,1.0,1.0
VOS-Endovis17,seq_1,2,54,00054,0,1.0,0.0,0,-0.2062983363866806,1.0,3.8163916471489756e-16,0.0,0.0,1.0,0.0,0.0,1.0,1.0
VOS-Endovis17,seq_1,2,55,00055,0,0.6619270274413613,0.02649688720703125,0,-0.2339879870414734,0.9857474053278565,0.87109375,0.0,1.0,1.0,0.03912353515625,0.03912353515625,1.0,1.0
VOS-Endovis17,seq_1,2,56,00056,0,0.9692838832995007,0.2018463134765625,0,-0.004477021284401417,0.6905672550201416,0.953125,0.14758586883544922,0.9485684037208557,0.3248654901981354,0.20294189453125,0.163818359375,1.0,1.0
VOS-Endovis17,seq_1,2,57,00057,0,0.963714800034117,0.16646728515625,0,-0.06892195343971252,0.6535496115684509,0.94921875,0.863032341003418,0.2943001985549927,0.049693748354911804,0.166015625,0.03692626953125,1.0,1.0
VOS-Endovis17,seq_1,2,58,00058,0,0.6473107352834434,0.006919097900390625,0,-0.23962131142616272,0.9065476208925247,0.87890625,0.2572455406188965,0.9386029243469238,0.20947614312171936,0.01019287109375,0.15582275390625,1.0,1.0
VOS-Endovis17,seq_1,2,59,00059,0,1.0,0.0,0,-0.2490246295928955,1.0,4.843059286940843e-11,0.0,1.0,1.0,0.0,0.01019287109375,1.0,1.0
VOS-Endovis17,seq_1,2,60,00060,0,1.0,0.0,0,-0.23366616666316986,1.0,4.7222086809427244e-20,0.0,0.0,1.0,0.0,0.0,1.0,1.0
VOS-Endovis17,seq_1,2,61,00061,0,0.8533907047453578,0.049517822265625,0,-0.19260932505130768,0.9598434679210186,0.9296875,0.0,1.0,1.0,0.0546875,0.0546875,1.0,1.0
VOS-Endovis17,seq_1,2,62,00062,0,0.9093091491064283,0.05774993896484375,0,-0.09215790033340454,0.5659546554088593,0.94140625,0.3093583285808563,0.8223724365234375,0.1209292784333229,0.062255859375,0.007568359375,1.0,1.0
VOS-Endovis17,seq_1,2,63,00063,0,0.9093054712085242,0.05062408447265625,0,-0.07547802478075027,0.5458739995956421,0.94140625,0.5735325217247009,0.6295503377914429,0.05182318016886711,0.054931640625,0.00732421875,1.0,1.0
VOS-Endovis17,seq_1,2,64,00064,0,1.0,0.0,0,-0.14595912396907806,1.0,8.543513119185775e-17,0.0,1.0,1.0,0.0,0.054931640625,1.0,1.0
VOS-Endovis17,seq_1,2,65,00065,0,1.0,0.0,0,-0.14389309287071228,1.0,2.540190280342358e-13,0.0,0.0,1.0,0.0,0.0,1.0,1.0
VOS-Endovis17,seq_1,2,66,00066,0,0.8469595061046569,0.033077239990234375,0,-0.13839155435562134,0.8984911143779755,0.91015625,0.0,1.0,1.0,0.0382080078125,0.0382080078125,1.0,1.0
VOS-Endovis17,seq_1,2,67,00067,0,0.9361996713987705,0.07798919677734376,1,0.2034352719783783,0.7847135663032532,0.94921875,0.00137238425668329,1.0,0.23630806803703308,0.0816650390625,0.04345703125,1.0,1.0
VOS-Endovis17,seq_1,2,68,00068,0,0.9219291317853946,0.06731948852539063,0,0.027380507439374924,0.4345492720603943,0.94921875,0.7520952224731445,0.4514533281326294,0.03359976410865784,0.0711669921875,0.010498046875,1.0,1.0
VOS-Endovis17,seq_1,2,69,00069,0,0.8704879981097197,0.0515167236328125,0,-0.04220133274793625,0.5837504863739014,0.921875,0.5040430426597595,0.6937172412872314,0.05506885051727295,0.0506591796875,0.0205078125,1.0,1.0
VOS-Endovis17,seq_1,2,70,00070,0,0.8823773960297546,0.04689178466796875,1,0.08689357340335846,0.5796374678611755,0.92578125,0.5367863178253174,0.6696500778198242,0.056464895606040955,0.04913330078125,0.00152587890625,1.0,1.0
VOS-Endovis17,seq_1,2,71,00071,0,0.8831537982945188,0.05689163208007812,0,0.002461584284901619,0.4607176184654236,0.94140625,0.7633708715438843,0.4402790069580078,0.02722318470478058,0.06005859375,0.01092529296875,1.0,1.0
VOS-Endovis17,seq_1,2,72,00072,0,0.9194584732541844,0.05369644165039063,0,-0.012795330956578255,0.4433385133743286,0.9375,0.8901540040969849,0.26406532526016235,0.01967235840857029,0.05670166015625,0.00335693359375,1.0,1.0
VOS-Endovis17,seq_1,2,73,00073,0,0.775985250057617,0.0226409912109375,1,0.03281005471944809,0.5509960651397705,0.9140625,0.5433291792869568,0.6926108598709106,0.1154906377196312,0.0242919921875,0.03240966796875,1.0,1.0
VOS-Endovis17,seq_1,2,74,00074,0,0.8282125761976844,0.016522979736328124,0,-0.004573151469230652,0.4687686562538147,0.85546875,0.811253547668457,0.4004684090614319,0.029668347910046577,0.01739501953125,0.00689697265625,1.0,1.0
VOS-Endovis17,seq_1,2,75,00075,0,0.8010615425960763,0.009387969970703125,0,-0.10786377638578415,1.0,0.73046875,6.271177880989853e-06,1.0,0.1766548454761505,0.01129150390625,0.006103515625,1.0,1.0
VOS-Endovis17,seq_1,2,76,00076,0,0.7024695908588279,0.014707183837890625,0,-0.09084055572748184,0.7836252897977829,0.875,0.30218997597694397,0.8440979719161987,0.07878032326698303,0.0203857421875,0.00909423828125,1.0,1.0
VOS-Endovis17,seq_1,2,77,00077,0,0.8136901299204964,0.0161590576171875,1,0.05196983367204666,0.7863398790359497,0.8203125,0.009564829058945179,0.9969183206558228,0.13634414970874786,0.01934814453125,0.00103759765625,1.0,1.0
VOS-Endovis17,seq_1,2,78,00078,0,0.8312261689745133,0.016944122314453126,0,-0.007925000041723251,0.5198540091514587,0.859375,0.7475871443748474,0.4556962251663208,0.009339100681245327,0.01788330078125,0.00146484375,1.0,1.0
VOS-Endovis17,seq_1,2,79,00079,0,0.886033972983941,0.05997772216796875,0,-0.06054987758398056,1.0,0.87890625,6.238828518689843e-06,1.0,0.36219730973243713,0.06378173828125,0.0458984375,1.0,1.0
VOS-Endovis17,seq_1,2,80,00080,0,0.9299163908726703,0.08206634521484375,0,-0.1201290637254715,1.0,0.92578125,0.5283255577087402,0.6807940006256104,0.08090214431285858,0.0863037109375,0.02252197265625,1.0,1.0
VOS-Endovis17,seq_1,2,81,00081,0,0.9386150838563638,0.07127532958984376,1,0.2556764781475067,0.7884086817502975,0.953125,0.007994099520146847,0.9961374998092651,0.2107386440038681,0.07232666015625,0.01397705078125,1.0,1.0
VOS-Endovis17,seq_1,2,82,00082,0,0.9218124215434276,0.07367019653320313,0,0.010963931679725647,0.8697072267532349,0.94140625,0.26656150817871094,0.855155885219574,0.09690117090940475,0.0733642578125,0.00103759765625,1.0,1.0
VOS-Endovis17,seq_1,2,83,00083,0,0.9235058621675722,0.07919387817382813,0,-0.04468649625778198,0.9693829566240311,0.94140625,0.7645099759101868,0.42874467372894287,0.03656427189707756,0.08477783203125,0.01141357421875,1.0,1.0
VOS-Endovis17,seq_1,2,84,00084,0,0.9285510253172169,0.0987884521484375,0,-0.04340767860412598,0.8706129193305969,0.94921875,0.84978187084198,0.3263692855834961,0.02575637958943844,0.09613037109375,0.0113525390625,1.0,1.0
VOS-Endovis17,seq_1,2,85,00085,0,0.9310920202642936,0.10683670043945312,0,-0.1251598447561264,0.8493858873844147,0.94921875,0.9416948556900024,0.18191486597061157,0.020962590351700783,0.11248779296875,0.016357421875,1.0,1.0
VOS-Endovis17,seq_1,2,86,00086,0,0.9401888133184448,0.10975418090820313,0,0.003780689090490341,0.4103826880455017,0.94921875,0.2540931701660156,0.8657886385917664,0.13082890212535858,0.1082763671875,0.00421142578125,1.0,1.0
VOS-Endovis17,seq_1,2,87,00087,0,0.9201886945672797,0.09602127075195313,0,-0.009349534288048744,0.3277612328529358,0.953125,0.9635449647903442,0.12213742733001709,0.010666584596037865,0.1019287109375,0.00634765625,1.0,1.0
VOS-Endovis17,seq_1,2,88,00088,0,0.9314349670313627,0.08858184814453125,0,0.012581934221088886,0.3727876543998718,0.953125,0.7522953152656555,0.44265496730804443,0.03739229962229729,0.09283447265625,0.00909423828125,1.0,1.0
VOS-Endovis17,seq_1,2,89,00089,0,0.9297209593463794,0.08712692260742187,0,0.004234257619827986,0.2942597270011902,0.953125,0.8728120923042297,0.28465908765792847,0.02211345173418522,0.0914306640625,0.00140380859375,1.0,1.0
VOS-Endovis17,seq_1,2,90,00090,0,0.9469894849641685,0.13164215087890624,1,0.0510142520070076,0.819420650601387,0.94921875,0.368097722530365,0.7920759916305542,0.11014626920223236,0.13372802734375,0.04229736328125,1.0,1.0
VOS-Endovis17,seq_1,2,91,00091,0,0.9478904166884509,0.139471435546875,0,0.0,0.5422271490097046,0.95703125,0.6530860662460327,0.5444657802581787,0.06770015507936478,0.14398193359375,0.01025390625,1.0,1.0
VOS-Endovis17,seq_1,2,92,00092,0,0.8157330093322648,0.09902572631835938,1,0.2856891453266144,1.0,0.9296875,0.03310789540410042,0.9854450225830078,0.42784038186073303,0.11553955078125,0.0284423828125,1.0,1.0
VOS-Endovis17,seq_1,2,93,00093,0,0.7996806839543688,0.028179931640625,0,-0.14600208401679993,0.7462326288223267,0.84375,0.5090436339378357,0.7824709415435791,0.20263615250587463,0.02520751953125,0.09033203125,1.0,1.0
VOS-Endovis17,seq_1,2,94,00094,0,0.5924136264798261,0.008574676513671876,0,-0.32428914308547974,0.9274654760956764,0.81640625,0.059014108031988144,0.9757785201072693,0.09391932189464569,0.01092529296875,0.0142822265625,1.0,1.0
VOS-Endovis17,seq_1,2,95,00095,0,0.755016246580875,0.03184661865234375,0,-0.0552082359790802,0.8261342644691467,0.87890625,0.0030315984040498734,1.0,0.19022345542907715,0.04083251953125,0.0299072265625,1.0,1.0
VOS-Endovis17,seq_1,2,96,00096,0,0.8566399752427373,0.0347503662109375,0,-0.32404065132141113,0.9719450268894434,0.87109375,1.6143347238539718e-05,1.0,0.2634078860282898,0.03826904296875,0.0025634765625,1.0,1.0
VOS-Endovis17,seq_1,2,97,00097,0,0.8695604228982591,0.05050201416015625,1,0.06362210214138031,0.5204580724239349,0.90625,4.4402084313333035e-05,1.0,0.19558389484882355,0.0526123046875,0.01434326171875,1.0,1.0
VOS-Endovis17,seq_1,2,98,00098,0,0.8563384395689991,0.043621063232421875,1,0.07417070865631104,0.31589651107788086,0.90625,0.8537570834159851,0.33191943168640137,0.028630373999476433,0.04339599609375,0.00921630859375,1.0,1.0
VOS-Endovis17,seq_1,2,99,00099,0,0.8679369743489798,0.047052001953125,1,0.05883354693651199,0.27309978008270264,0.91796875,0.8874742984771729,0.268433153629303,0.011516024358570576,0.04833984375,0.00494384765625,1.0,1.0
VOS-Endovis17,seq_1,2,100,00100,0,0.8896573816561585,0.04918594360351562,0,-0.0026220493018627167,0.0986253023147583,0.921875,0.9874131083488464,0.07211536169052124,0.005305103026330471,0.049560546875,0.001220703125,1.0,1.0
VOS-Endovis17,seq_1,2,101,00101,0,0.8731661212052816,0.050594329833984375,0,0.02132222428917885,0.23083090782165527,0.9140625,0.8949826955795288,0.2555910348892212,0.01162536721676588,0.0504150390625,0.0008544921875,1.0,1.0
VOS-Endovis17,seq_1,2,102,00102,0,0.9073568887627943,0.06559066772460938,1,0.05069299787282944,0.5744754672050476,0.94140625,0.7293846011161804,0.4838455319404602,0.03866780176758766,0.0670166015625,0.0166015625,1.0,1.0
VOS-Endovis17,seq_1,2,103,00103,0,0.9396733615144812,0.10043792724609375,1,0.21175654232501984,0.7381742000579834,0.94921875,0.44930386543273926,0.7353748083114624,0.08168494701385498,0.10186767578125,0.03485107421875,1.0,1.0
VOS-Endovis17,seq_1,2,104,00104,0,0.9637315479461941,0.1344970703125,1,0.12495457381010056,0.3049815893173218,0.9609375,0.8700959086418152,0.28874170780181885,0.04450870305299759,0.13470458984375,0.0328369140625,1.0,1.0
VOS-Endovis17,seq_1,2,105,00105,0,0.8851473698625968,0.04519729614257813,0,-0.26128578186035156,0.9999278168397723,0.89453125,0.004228527192026377,0.9993364214897156,0.31686022877693176,0.04937744140625,0.0853271484375,1.0,1.0
VOS-Endovis17,seq_1,2,106,00106,0,0.8777354565770425,0.048648834228515625,0,-0.36214035749435425,1.0,0.91015625,0.7872139811515808,0.41580432653427124,0.047407116740942,0.05340576171875,0.0040283203125,1.0,1.0
VOS-Endovis17,seq_1,2,107,00107,0,0.918623530216024,0.08275527954101562,0,-0.27142614126205444,0.9119784533977509,0.94140625,0.6409904360771179,0.580900251865387,0.1080036610364914,0.0889892578125,0.03558349609375,1.0,1.0
VOS-Endovis17,seq_1,2,108,00108,0,0.941709691649115,0.11821823120117188,0,-0.016812283545732498,0.5782208442687988,0.953125,0.6010086536407471,0.5971428155899048,0.148634672164917,0.12078857421875,0.03179931640625,1.0,1.0
VOS-Endovis17,seq_1,2,109,00109,0,0.9444525663435563,0.1145355224609375,0,-0.02371307462453842,0.5209077298641205,0.95703125,0.9445258378982544,0.16378098726272583,0.029009651392698288,0.11871337890625,0.0020751953125,1.0,1.0
VOS-Endovis17,seq_1,2,110,00110,0,0.9462129736153428,0.11494827270507812,0,0.002963043749332428,0.3941798806190491,0.95703125,0.9041827321052551,0.2178668975830078,0.03587215021252632,0.11993408203125,0.001220703125,1.0,1.0
VOS-Endovis17,seq_1,2,111,00111,0,0.946030912611164,0.11166000366210938,0,-0.04980175197124481,0.42954838275909424,0.95703125,0.9858521223068237,0.06639838218688965,0.004467839375138283,0.11468505859375,0.0052490234375,1.0,1.0
VOS-Endovis17,seq_1,2,112,00112,0,0.9475545044536482,0.12374191284179688,0,-0.015281185507774353,0.20076650381088257,0.96484375,0.8608828783035278,0.2894965410232544,0.03283298760652542,0.1258544921875,0.01116943359375,1.0,1.0
VOS-Endovis17,seq_1,2,113,00113,0,0.9179996346841323,0.112030029296875,0,0.0,0.4292061924934387,0.9453125,0.651788592338562,0.5527395009994507,0.07147309184074402,0.11114501953125,0.01470947265625,1.0,1.0
VOS-Endovis17,seq_1,2,114,00114,0,0.8866896858988639,0.06112823486328125,1,0.11537575721740723,1.0,0.94140625,1.4330163139675278e-05,1.0,0.20497745275497437,0.06787109375,0.04327392578125,1.0,1.0
VOS-Endovis17,seq_1,2,115,00115,0,0.9150124391002384,0.05554275512695313,0,-0.0057159606367349625,0.49537068605422974,0.93359375,0.7361753582954407,0.4556482434272766,0.04324785992503166,0.05645751953125,0.01141357421875,1.0,1.0
VOS-Endovis17,seq_1,2,116,00116,0,0.8659163619744058,0.05916519165039062,0,-0.06361672282218933,0.8453747928142548,0.89453125,0.10752426832914352,0.9479495286941528,0.14278610050678253,0.065673828125,0.00921630859375,1.0,1.0
VOS-Endovis17,seq_1,2,117,00117,0,0.8794243832677869,0.06783065795898438,0,-0.12593510746955872,1.0,0.9296875,0.006378247402608395,0.9974082112312317,0.29217252135276794,0.07598876953125,0.01031494140625,1.0,1.0
VOS-Endovis17,seq_1,2,118,00118,0,0.889431197797583,0.07297134399414062,0,-0.04971271753311157,1.0,0.9140625,0.5589625835418701,0.647679328918457,0.06151406839489937,0.08050537109375,0.0045166015625,1.0,1.0
VOS-Endovis17,seq_1,2,119,00119,0,0.8653565456109655,0.068731689453125,0,-0.08676810562610626,1.0,0.9296875,0.8219515085220337,0.3763306140899658,0.031761787831783295,0.0777587890625,0.00274658203125,1.0,1.0
VOS-Endovis17,seq_1,2,120,00120,0,0.9292382351063151,0.055928802490234374,0,-0.1809467077255249,1.0,0.921875,0.508732795715332,0.6808511018753052,0.10080818831920624,0.0584716796875,0.019287109375,1.0,1.0
VOS-Endovis17,seq_1,2,121,00121,0,0.8610868016688715,0.0657135009765625,0,-0.23832887411117554,1.0,0.89453125,0.6935943365097046,0.5239726305007935,0.04162139073014259,0.07305908203125,0.01458740234375,1.0,1.0
VOS-Endovis17,seq_1,2,122,00122,0,0.9359249665373097,0.07531280517578125,1,0.05976468324661255,0.7362485229969025,0.9453125,0.0008348105475306511,1.0,0.4716136157512665,0.07781982421875,0.0047607421875,1.0,1.0
VOS-Endovis17,seq_1,2,123,00123,0,0.9237723461828505,0.07998199462890625,1,0.08094003051519394,0.583984375,0.953125,0.653024435043335,0.5498915314674377,0.049718767404556274,0.08538818359375,0.007568359375,1.0,1.0
VOS-Endovis17,seq_1,2,124,00124,0,0.9257261744247306,0.080572509765625,0,0.0034572980366647243,0.1764124631881714,0.95703125,0.9535294771194458,0.132659912109375,0.008602680638432503,0.0838623046875,0.00152587890625,1.0,1.0
VOS-Endovis17,seq_1,2,125,00125,0,0.9292285655217224,0.0969085693359375,0,0.003311390057206154,0.32084763050079346,0.953125,0.8308680057525635,0.3293084502220154,0.0338098518550396,0.1019287109375,0.01806640625,1.0,1.0
VOS-Endovis17,seq_1,2,126,00126,0,0.951477566810677,0.13956451416015625,1,0.10214238613843918,0.9304719790816307,0.95703125,0.1419934630393982,0.9273515939712524,0.23275429010391235,0.13958740234375,0.03765869140625,1.0,1.0
VOS-Endovis17,seq_1,2,127,00127,0,0.9361972842630912,0.10552825927734374,0,-0.04499676823616028,0.48960936069488525,0.95703125,0.7137094736099243,0.48856931924819946,0.0606069341301918,0.110595703125,0.02899169921875,1.0,1.0
VOS-Endovis17,seq_1,2,128,00128,0,0.8872392365734576,0.062143707275390626,0,-0.28027448058128357,0.9824143424630165,0.91796875,0.00013398208830039948,1.0,0.3420613408088684,0.06744384765625,0.04315185546875,1.0,1.0
VOS-Endovis17,seq_1,2,129,00129,0,0.9522497764258158,0.11431961059570313,0,-0.07052919268608093,0.7907678931951523,0.94921875,0.15912313759326935,0.9193430542945862,0.1626899391412735,0.11328125,0.04583740234375,1.0,1.0
VOS-Endovis17,seq_1,2,130,00130,0,0.9117885391160357,0.08150253295898438,0,-0.35311609506607056,1.0,0.9453125,5.021669494453818e-06,1.0,0.28535306453704834,0.0836181640625,0.0296630859375,1.0,1.0
VOS-Endovis17,seq_1,2,131,00131,0,0.8733380809363098,0.120233154296875,0,-0.17826643586158752,0.8324452936649323,0.91796875,0.011225247755646706,0.9946100115776062,0.2611455023288727,0.10992431640625,0.02630615234375,1.0,1.0
VOS-Endovis17,seq_1,2,132,00132,0,0.9610789478415649,0.16419525146484376,0,-0.02724546752870083,0.5814414322376251,0.96484375,0.04288173466920853,0.9807519912719727,0.22432950139045715,0.16802978515625,0.05810546875,1.0,1.0
VOS-Endovis17,seq_1,2,133,00133,0,0.9557986286607986,0.15392379760742186,0,-0.11514478176832199,0.6355878412723541,0.953125,0.9060079455375671,0.231658935546875,0.021201318129897118,0.1585693359375,0.00946044921875,1.0,1.0
VOS-Endovis17,seq_1,2,134,00134,0,0.9035616505629152,0.0573577880859375,0,-0.04777246341109276,0.8016509711742401,0.92578125,0.09290599077939987,0.9579466581344604,0.19521464407444,0.06072998046875,0.09783935546875,1.0,1.0
VOS-Endovis17,seq_1,2,135,00135,0,0.9448120233460547,0.11393585205078124,0,-0.00955690536648035,0.3057923913002014,0.94921875,0.3836265206336975,0.7937293648719788,0.10561986267566681,0.11773681640625,0.0570068359375,1.0,1.0
VOS-Endovis17,seq_1,2,136,00136,0,0.9163660340036736,0.07856369018554688,0,-0.011223891749978065,0.5128246545791626,0.91796875,0.7562348246574402,0.46291810274124146,0.056764986366033554,0.0758056640625,0.04193115234375,1.0,1.0
VOS-Endovis17,seq_1,2,137,00137,0,0.8461355302633459,0.043405914306640626,0,-0.02813001722097397,0.9297056272625923,0.90625,0.2003636360168457,0.898888885974884,0.15257741510868073,0.045166015625,0.0306396484375,1.0,1.0
VOS-Endovis17,seq_1,2,138,00138,0,0.9574562504319486,0.20637588500976561,0,0.01610323041677475,0.5703218579292297,0.94921875,0.46224796772003174,0.7958099842071533,0.14842212200164795,0.20391845703125,0.15875244140625,1.0,1.0
VOS-Endovis17,seq_1,2,139,00139,0,0.9256347452058068,0.18699264526367188,0,0.0117267444729805,0.6382551491260529,0.95703125,0.3841622769832611,0.7775624990463257,0.1686321496963501,0.18115234375,0.02276611328125,1.0,1.0
VOS-Endovis17,seq_1,2,140,00140,0,0.9218973514239889,0.0675567626953125,0,0.0042734816670417786,0.9429167732596397,0.90625,0.012133072130382061,0.9975369572639465,0.2671310007572174,0.0672607421875,0.1138916015625,1.0,1.0
VOS-Endovis17,seq_1,2,141,00141,0,0.8481540707780018,0.05077667236328125,1,0.0660022497177124,0.8950470983982086,0.90234375,0.6852077841758728,0.5298165082931519,0.037436358630657196,0.05010986328125,0.01715087890625,1.0,1.0
VOS-Endovis17,seq_1,2,142,00142,0,0.8356271800557012,0.05145187377929687,0,0.0009189520496875048,0.13681238889694214,0.91015625,0.966019868850708,0.13646531105041504,0.004741854965686798,0.05157470703125,0.00146484375,1.0,1.0
VOS-Endovis17,seq_1,2,143,00143,0,0.8275436285808363,0.050238037109375,0,0.0002466820296831429,0.2738129496574402,0.921875,0.9226325750350952,0.2097976803779602,0.013213635422289371,0.051025390625,0.00054931640625,1.0,1.0
VOS-Endovis17,seq_1,2,144,00144,0,0.9021217190377048,0.05848617553710937,1,0.055273253470659256,0.9970867736265063,0.90625,0.033062949776649475,0.985729992389679,0.15831778943538666,0.061767578125,0.0107421875,1.0,1.0
VOS-Endovis17,seq_1,2,145,00145,0,0.9126200367772254,0.07499237060546875,1,0.1703266054391861,0.7815540432929993,0.9375,0.4367256164550781,0.7470489144325256,0.09583223611116409,0.07427978515625,0.01251220703125,1.0,1.0
VOS-Endovis17,seq_1,2,146,00146,0,0.8929400431212441,0.078216552734375,1,0.13280640542507172,0.6097353398799896,0.93359375,0.6187300682067871,0.5821995735168457,0.06684810668230057,0.078369140625,0.00408935546875,1.0,1.0
VOS-Endovis17,seq_1,2,147,00147,0,0.8936104932116284,0.06414108276367188,1,0.06767457723617554,0.6192967295646667,0.9296875,0.6189069151878357,0.5895611047744751,0.059618473052978516,0.0667724609375,0.0115966796875,1.0,1.0
VOS-Endovis17,seq_1,2,148,00148,0,0.8893581500730391,0.07016677856445312,0,0.019616495817899704,0.17338520288467407,0.9375,0.964098334312439,0.12764227390289307,0.007206660229712725,0.07379150390625,0.00701904296875,1.0,1.0
VOS-Endovis17,seq_1,2,149,00149,0,0.8899098325461572,0.07292938232421875,0,0.013612508773803711,0.1979297399520874,0.9296875,0.9614025354385376,0.1355421543121338,0.013057522475719452,0.07733154296875,0.0035400390625,1.0,1.0
VOS-Endovis17,seq_1,2,150,00150,0,0.9083194337089622,0.08728256225585937,1,0.0814182385802269,0.45740002393722534,0.93359375,0.8217977285385132,0.36779558658599854,0.03325047343969345,0.09033203125,0.01300048828125,1.0,1.0
VOS-Endovis17,seq_1,2,151,00151,0,0.8721331689272503,0.04400787353515625,0,-0.22273817658424377,0.7938079982995987,0.8984375,0.4083196818828583,0.7781975269317627,0.08112045377492905,0.0478515625,0.04248046875,1.0,1.0
VOS-Endovis17,seq_1,2,152,00152,0,0.8590493522249664,0.06441268920898438,0,-0.02029547095298767,0.7408092319965363,0.90625,0.15973442792892456,0.926159143447876,0.1644696444272995,0.066650390625,0.018798828125,1.0,1.0
VOS-Endovis17,seq_1,2,153,00153,0,0.8926737674681378,0.08467178344726563,0,-0.3190879821777344,1.0,0.91796875,6.426895561162382e-05,1.0,0.330526202917099,0.08856201171875,0.02191162109375,1.0,1.0
VOS-Endovis17,seq_1,2,154,00154,0,0.9442582638783105,0.20688705444335936,0,-0.3127601444721222,0.9976707792375237,0.9375,0.6194260716438293,0.6321407556533813,0.06212656572461128,0.2008056640625,0.11224365234375,1.0,1.0
VOS-Endovis17,seq_1,2,155,00155,0,0.9451160707063794,0.11830062866210937,0,-0.1246257871389389,0.8467625677585602,0.9453125,0.5155104994773865,0.691521167755127,0.15898531675338745,0.11944580078125,0.08135986328125,1.0,1.0
VOS-Endovis17,seq_1,2,156,00156,0,0.9179707876890976,0.07133712768554687,0,-0.07480010390281677,0.7983284592628479,0.9375,0.7552760243415833,0.46589261293411255,0.07223101705312729,0.0740966796875,0.04534912109375,1.0,1.0
VOS-Endovis17,seq_1,2,157,00157,0,0.9296304764584835,0.08303070068359375,0,-0.06035830080509186,0.7351091206073761,0.94921875,0.911153256893158,0.21862071752548218,0.02070952206850052,0.08355712890625,0.00946044921875,1.0,1.0
VOS-Endovis17,seq_1,2,158,00158,0,0.9584237785140333,0.0785797119140625,1,0.06444540619850159,0.3392232060432434,0.94921875,0.5937182903289795,0.6029645204544067,0.06721047312021255,0.0775146484375,0.00604248046875,1.0,1.0
VOS-Endovis17,seq_1,2,159,00159,0,0.9266265961277457,0.076947021484375,0,-0.0291408933699131,0.21231067180633545,0.953125,0.9308965802192688,0.17997199296951294,0.019854314625263214,0.08111572265625,0.00360107421875,1.0,1.0
VOS-Endovis17,seq_1,2,160,00160,0,0.9457587917293652,0.10506439208984375,0,0.007160495966672897,0.26274043321609497,0.94921875,0.8649487495422363,0.29007208347320557,0.025528637692332268,0.1070556640625,0.02593994140625,1.0,1.0
VOS-Endovis17,seq_1,2,161,00161,0,0.9369666184162618,0.08211441040039062,0,0.029527034610509872,0.4798126220703125,0.9453125,0.798203706741333,0.37863069772720337,0.07125735282897949,0.083740234375,0.0233154296875,1.0,1.0
VOS-Endovis17,seq_1,2,162,00162,0,0.7797090452082568,0.06016387939453125,0,0.008514540269970894,0.5345227718353271,0.9453125,0.7947219610214233,0.4079040288925171,0.061886806041002274,0.053955078125,0.02978515625,1.0,1.0
VOS-Endovis17,seq_1,2,163,00163,0,0.7949557181363112,0.021637725830078124,0,-0.007739437744021416,0.7661143392324448,0.90625,0.648041307926178,0.6131221652030945,0.056204479187726974,0.0208740234375,0.0330810546875,1.0,1.0
VOS-Endovis17,seq_1,2,164,00164,0,0.6582921471718836,0.007886505126953125,0,-0.06900062412023544,0.9009493887424469,8.940696716308594e-06,0.6569148898124695,0.5947368144989014,0.029273400083184242,0.01171875,0.0091552734375,1.0,1.0
VOS-Endovis17,seq_1,2,165,00165,0,0.0,0.023278045654296874,0,-0.03725835308432579,0.7987277060747147,0.058349609375,0.0,1.0,1.0,0.0,0.01171875,1.0,1.0
VOS-Endovis17,seq_1,2,166,00166,0,0.8491484861976848,0.05101470947265625,1,0.20089039206504822,1.0,0.8828125,0.0,1.0,1.0,0.05023193359375,0.05023193359375,1.0,1.0
VOS-Endovis17,seq_1,2,167,00167,0,0.8443612054658539,0.0885589599609375,0,-0.22525812685489655,1.0,0.90234375,1.1331900168443099e-05,1.0,0.3400382697582245,0.09228515625,0.04205322265625,1.0,1.0
VOS-Endovis17,seq_1,2,168,00168,0,0.8280407090076612,0.057903289794921875,0,-0.16075052320957184,0.9975423247087747,0.90234375,0.3652164041996002,0.799626350402832,0.11604666709899902,0.0645751953125,0.0277099609375,1.0,1.0
VOS-Endovis17,seq_1,2,169,00169,0,0.6859363807603533,0.02596282958984375,0,-0.12171807140111923,0.5408266484737396,0.82421875,5.743906513089314e-05,1.0,0.2533968985080719,0.02178955078125,0.04278564453125,1.0,1.0
VOS-Endovis17,seq_1,2,170,00170,0,0.6570684416148169,0.028397369384765624,0,-0.0794178768992424,0.823343887925148,0.875,0.03770805895328522,0.9876881241798401,0.11011821031570435,0.02337646484375,0.0015869140625,1.0,1.0
VOS-Endovis17,seq_1,2,171,00171,0,0.8178858700812501,0.04974212646484375,0,-0.029135849326848984,0.5080885589122772,0.90234375,0.2718351185321808,0.8643446564674377,0.10471440106630325,0.05224609375,0.02886962890625,1.0,1.0
VOS-Endovis17,seq_1,2,172,00172,0,0.9241413813767586,0.13272552490234374,0,-0.009781642816960812,0.64405557513237,0.94140625,0.5899102687835693,0.6694322824478149,0.04716961830854416,0.13372802734375,0.08148193359375,1.0,1.0
VOS-Endovis17,seq_1,2,173,00173,0,0.8360985811303124,0.13107757568359374,1,0.20627540349960327,0.7430443167686462,0.91796875,0.4008849859237671,0.7715466022491455,0.1354975551366806,0.12030029296875,0.013427734375,1.0,1.0
VOS-Endovis17,seq_1,2,174,00174,0,0.8840926740874968,0.11635513305664062,0,-0.05607734993100166,0.4619561433792114,0.9375,0.7425191402435303,0.4676079750061035,0.0712573453783989,0.10491943359375,0.015380859375,1.0,1.0
VOS-Endovis17,seq_1,2,175,00175,0,0.9264442496248527,0.13887100219726561,0,-0.0029124990105628967,0.38075822591781616,0.94140625,0.6403332352638245,0.5701721906661987,0.10666006803512573,0.13323974609375,0.0283203125,1.0,1.0
VOS-Endovis17,seq_1,2,176,00176,0,0.7129670704657908,0.03799285888671875,0,-0.03441893681883812,0.8046540021896362,0.80859375,0.5002169013023376,0.7670329809188843,0.07835745066404343,0.0379638671875,0.09527587890625,1.0,1.0
VOS-Endovis17,seq_1,2,177,00177,0,0.6891396558623449,0.04660720825195312,0,-0.04491794481873512,0.6868723928928375,0.84375,0.5460628867149353,0.6689342260360718,0.10980208218097687,0.03369140625,0.0042724609375,1.0,1.0
VOS-Endovis17,seq_1,2,178,00178,0,0.8178929265739494,0.05628662109375,1,0.03574385121464729,0.6276041567325592,0.87890625,0.28391626477241516,0.8595106601715088,0.11148281395435333,0.05450439453125,0.02081298828125,1.0,1.0
VOS-Endovis17,seq_1,2,179,00179,0,0.8149698068455992,0.04854736328125,0,0.00582874845713377,0.534580409526825,0.91796875,0.7109613418579102,0.5059523582458496,0.01254381611943245,0.052734375,0.00177001953125,1.0,1.0
VOS-Endovis17,seq_1,2,180,00180,0,0.8675131234812933,0.0738128662109375,0,-0.004007792100310326,0.5150778889656067,0.921875,0.8405808806419373,0.3645282983779907,0.057508405297994614,0.07952880859375,0.02679443359375,1.0,1.0
VOS-Endovis17,seq_1,2,181,00181,0,0.864618361048413,0.0288665771484375,0,0.015408257953822613,1.0,0.91015625,6.612415018025786e-05,1.0,0.4845656454563141,0.03326416015625,0.0462646484375,1.0,1.0
VOS-Endovis17,seq_1,2,182,00182,0,0.9084337711520544,0.047119140625,1,0.33753353357315063,1.0,0.9296875,0.018854213878512383,0.9910780787467957,0.14685718715190887,0.049560546875,0.01629638671875,1.0,1.0
VOS-Endovis17,seq_1,2,183,00183,0,0.8809455433104785,0.039011383056640626,0,-0.01390703022480011,0.8751644045114517,0.91796875,0.26719343662261963,0.8534883856773376,0.10924703627824783,0.04071044921875,0.00885009765625,1.0,1.0
VOS-Endovis17,seq_1,2,184,00184,0,0.9048382214149616,0.04054718017578125,0,-0.15608826279640198,0.8691244721412659,0.92578125,0.9716848731040955,0.11408448219299316,0.0036855023354291916,0.041015625,0.00030517578125,1.0,1.0
VOS-Endovis17,seq_1,2,185,00185,0,0.8869834841485794,0.054402923583984374,0,-0.010669514536857605,0.5783743858337402,0.92578125,0.5734795331954956,0.6330275535583496,0.053542520850896835,0.05902099609375,0.01800537109375,1.0,1.0
VOS-Endovis17,seq_1,2,186,00186,0,0.8705472025916685,0.054402923583984374,0,-0.01622324436903,0.47744202613830566,0.921875,0.8038262724876404,0.39464592933654785,0.014840993098914623,0.054443359375,0.00457763671875,1.0,1.0
VOS-Endovis17,seq_1,2,187,00187,0,0.89310092079344,0.0634674072265625,0,0.0034189140424132347,0.3960251212120056,0.93359375,0.8567183017730713,0.30469441413879395,0.024604255333542824,0.0623779296875,0.0079345703125,1.0,1.0
VOS-Endovis17,seq_1,2,188,00188,0,0.904556093717411,0.06100616455078125,0,-0.051604218780994415,0.649958074092865,0.93359375,0.6333290934562683,0.5785861015319824,0.05032043904066086,0.06402587890625,0.00164794921875,1.0,1.0
VOS-Endovis17,seq_1,2,189,00189,0,0.9294427637357275,0.10385284423828126,0,0.01191113330423832,0.5462893545627594,0.9453125,0.6121808886528015,0.6138170957565308,0.046991169452667236,0.106201171875,0.04217529296875,1.0,1.0
VOS-Endovis17,seq_1,2,190,00190,0,0.9235347818148621,0.1012969970703125,1,0.07488995790481567,0.8627716898918152,0.92578125,0.43417036533355713,0.7419475317001343,0.13652870059013367,0.09881591796875,0.00738525390625,1.0,1.0
VOS-Endovis17,seq_1,2,191,00191,0,0.954000887442686,0.09070663452148438,0,-0.0049715545028448105,0.22260594367980957,0.9453125,0.9221398234367371,0.2203097939491272,0.01947828382253647,0.09051513671875,0.00830078125,1.0,1.0
VOS-Endovis17,seq_1,2,192,00192,0,0.9095404375854659,0.05799407958984375,0,-0.10661173611879349,0.8900442868471146,0.9375,0.2649213969707489,0.8561549186706543,0.1550690233707428,0.0609130859375,0.02960205078125,1.0,1.0
VOS-Endovis17,seq_1,2,193,00193,0,0.8025630845244397,0.030633544921875,0,-0.0866127610206604,0.8133864849805832,0.8515625,0.2501751780509949,0.8737863898277283,0.12022283673286438,0.0311279296875,0.02978515625,1.0,1.0
VOS-Endovis17,seq_1,2,194,00194,0,0.8100490871987204,0.02451934814453125,1,0.06270996481180191,0.810284748673439,0.81640625,0.3404897451400757,0.8208763003349304,0.053538717329502106,0.02471923828125,0.00640869140625,1.0,1.0
VOS-Endovis17,seq_1,2,195,00195,0,0.7930980637101811,0.016645050048828124,0,-0.044869501143693924,0.8571277260780334,0.8046875,0.30097371339797974,0.8438538312911987,0.1775726079940796,0.01776123046875,0.0069580078125,1.0,1.0
VOS-Endovis17,seq_1,2,196,00196,0,0.657895542024906,0.02323150634765625,0,-0.08957984298467636,0.7533512562513351,0.73828125,0.7223448753356934,0.5076923370361328,0.06278917193412781,0.01776123046875,0.0,1.0,1.0
VOS-Endovis17,seq_1,2,197,00197,0,0.7522459727385378,0.00772247314453125,0,-0.13849136233329773,0.7669234424829483,0.81640625,0.3518190383911133,0.8191489577293396,0.0714668333530426,0.00933837890625,0.0084228515625,1.0,1.0
VOS-Endovis17,seq_1,2,198,00198,0,0.7994841523080196,0.02371673583984375,0,-0.055165305733680725,0.8480431437492371,0.84375,0.1886146366596222,0.9202127456665039,0.15920183062553406,0.02783203125,0.01849365234375,1.0,1.0
VOS-Endovis17,seq_1,2,199,00199,0,0.7762206020028937,0.02479095458984375,1,0.03909002244472504,0.4090976119041443,0.859375,0.2989628314971924,0.8340365886688232,0.13757078349590302,0.02276611328125,0.00506591796875,1.0,1.0
VOS-Endovis17,seq_1,2,200,00200,0,0.8779269608552009,0.06046600341796875,0,-0.03597848862409592,0.8608534336090088,0.87109375,0.23593641817569733,0.9007407426834106,0.19783298671245575,0.06781005859375,0.0450439453125,1.0,1.0
VOS-Endovis17,seq_1,2,201,00201,0,0.8838076736279747,0.07093429565429688,0,-0.05582049489021301,0.7587281465530396,0.9453125,0.5612099766731262,0.6334294080734253,0.09054602682590485,0.076904296875,0.00909423828125,1.0,1.0
VOS-Endovis17,seq_1,2,202,00202,0,0.8818257181646703,0.056490325927734376,0,-0.08102048188447952,0.712948203086853,0.91796875,0.6059290170669556,0.599877119064331,0.0339282788336277,0.0621337890625,0.0147705078125,1.0,1.0
VOS-Endovis17,seq_1,2,203,00203,0,0.8343960685565754,0.06545028686523438,0,-0.020848579704761505,0.6786903142929077,0.87890625,0.5566883087158203,0.6586862802505493,0.047855980694293976,0.07122802734375,0.00909423828125,1.0,1.0
VOS-Endovis17,seq_1,2,204,00204,0,0.8621377459749553,0.07658538818359376,0,-0.09645912796258926,0.7508366852998734,0.9296875,0.7360851168632507,0.46375924348831177,0.057252317667007446,0.0814208984375,0.01019287109375,1.0,1.0
VOS-Endovis17,seq_1,2,205,00205,0,0.8766186018149862,0.08162460327148438,0,-0.17123627662658691,0.8764217793941498,0.9296875,0.5407206416130066,0.6542443037033081,0.10522250086069107,0.0772705078125,0.004150390625,1.0,1.0
VOS-Endovis17,seq_1,2,206,00206,0,0.7352463026974131,0.04384918212890625,0,-0.09951884299516678,0.666053831577301,0.87109375,0.45009732246398926,0.7509778141975403,0.13966809213161469,0.0396728515625,0.03759765625,1.0,1.0
VOS-Endovis17,seq_1,2,207,00207,0,0.4541499330655957,0.00205230712890625,0,-0.2412501573562622,0.9231145903468132,0.6796875,0.2045079618692398,0.9646154046058655,0.1271340399980545,0.00140380859375,0.03826904296875,1.0,1.0
VOS-Endovis17,seq_1,2,208,00208,0,0.8125581683936216,0.00999603271484375,0,-0.15973518788814545,0.7838796526193619,0.84765625,0.00036272837314754725,1.0,0.09137000888586044,0.01220703125,0.01080322265625,1.0,1.0
VOS-Endovis17,seq_1,2,209,00209,0,0.8734188902225095,0.022315216064453126,0,-0.05857769399881363,0.545238196849823,0.80078125,0.4421427845954895,0.7547169923782349,0.03965849056839943,0.0240478515625,0.0118408203125,1.0,1.0
VOS-Endovis17,seq_1,2,210,00210,0,0.8339443284027452,0.03065185546875,0,0.026423310860991478,0.29192620515823364,0.890625,0.6977903842926025,0.5276923179626465,0.022757545113563538,0.03436279296875,0.01031494140625,1.0,1.0
VOS-Endovis17,seq_1,2,211,00211,0,0.6959860268916425,0.04839935302734375,1,0.03656596690416336,0.6338365077972412,0.90625,0.7421652674674988,0.5022104382514954,0.017970118671655655,0.06903076171875,0.03466796875,1.0,1.0
VOS-Endovis17,seq_1,2,212,00212,0,0.9458397371018731,0.11713943481445313,0,0.019845249131321907,0.9132285863161087,0.95703125,0.18385586142539978,0.9105633497238159,0.24458327889442444,0.11981201171875,0.05078125,1.0,1.0
VOS-Endovis17,seq_1,2,213,00213,0,0.935570069333195,0.11193008422851562,0,-0.10269801318645477,0.9057294428348541,0.9453125,0.9066717624664307,0.2133580446243286,0.01742277294397354,0.11529541015625,0.0045166015625,1.0,1.0
VOS-Endovis17,seq_1,2,214,00214,0,0.8887502781044402,0.08850250244140626,0,-0.009029618464410305,0.8431510329246521,0.9375,0.23365619778633118,0.8763227462768555,0.15227103233337402,0.09210205078125,0.023193359375,1.0,1.0
VOS-Endovis17,seq_1,2,215,00215,0,0.9343002497739775,0.09557342529296875,0,-0.012121502310037613,0.8135974705219269,0.9296875,0.6071359515190125,0.5911375284194946,0.08950210362672806,0.09613037109375,0.0040283203125,1.0,1.0
VOS-Endovis17,seq_1,2,216,00216,0,0.7050663193805473,0.05222930908203125,1,0.06512091308832169,0.7302430868148804,0.921875,0.5121204257011414,0.7146990299224854,0.10583429038524628,0.0394287109375,0.05670166015625,1.0,1.0
VOS-Endovis17,seq_1,2,217,00217,0,0.7128640503767008,0.012071990966796875,0,-0.1926172375679016,0.9467113241553307,0.66015625,0.06927978247404099,0.9714993834495544,0.16284722089767456,0.01123046875,0.0281982421875,1.0,1.0
VOS-Endovis17,seq_1,2,218,00218,0,0.6574434918160561,0.001778411865234375,0,-0.40895476937294006,0.9761498402804136,0.7109375,0.0012667335104197264,1.0,0.10765353590250015,0.00140380859375,0.00982666015625,1.0,1.0
VOS-Endovis17,seq_1,2,219,00219,0,1.0,0.0,0,-0.40895476937294006,1.0,4.255493527005605e-18,0.0,1.0,1.0,0.0,0.00140380859375,1.0,1.0
VOS-Endovis17,seq_1,2,220,00220,0,1.0,0.0,0,-0.40895476937294006,1.0,4.0332320816460765e-17,0.0,0.0,1.0,0.0,0.0,1.0,1.0
VOS-Endovis17,seq_1,2,221,00221,0,1.0,0.0,0,-0.40895476937294006,1.0,3.8163916471489756e-16,0.0,0.0,1.0,0.0,0.0,1.0,1.0
VOS-Endovis17,seq_1,2,222,00222,0,1.0,0.0,0,-0.40895476937294006,1.0,5.3085386753082275e-08,0.0,0.0,1.0,0.0,0.0,1.0,1.0
VOS-Endovis17,seq_1,2,223,00223,0,1.0,0.0,0,-0.40895476937294006,1.0,9.74978320300579e-10,0.0,0.0,1.0,0.0,0.0,1.0,1.0
VOS-Endovis17,seq_1,2,224,00224,0,0.8054958079101006,0.03247222900390625,0,0.0,0.5910452306270599,0.78515625,0.0,1.0,1.0,0.0299072265625,0.0299072265625,1.0,1.0
VOS-Endovis17,seq_1,3,0,00000,1,0.9893764552800987,0.08869857788085937,1,0.0,0.0,0.0,0.0,0.0,0.0,0.0,0.0,0.0,0.0
VOS-Endovis17,seq_1,3,1,00001,0,0.9506604073155451,0.0860809326171875,0,-0.018033549189567566,0.14576518535614014,0.95703125,0.960311233997345,0.10678970813751221,0.008468776941299438,0.08685302734375,0.0015869140625,1.0,0.1666666716337204
VOS-Endovis17,seq_1,3,2,00002,0,0.9585844716288028,0.08330307006835938,0,-0.009939108043909073,0.13716399669647217,0.95703125,0.9903174638748169,0.05083566904067993,0.005777525715529919,0.083984375,0.00286865234375,1.0,0.3333333432674408
VOS-Endovis17,seq_1,3,3,00003,0,0.945604773927014,0.0799224853515625,0,-0.0021525584161281586,0.1427466869354248,0.9609375,0.9745736122131348,0.09873950481414795,0.008354016579687595,0.08172607421875,0.00225830078125,1.0,0.5
VOS-Endovis17,seq_1,3,4,00004,0,0.9609516657814245,0.08125991821289062,0,-0.0004084431566298008,0.13070183992385864,0.9609375,0.9850795269012451,0.06777215003967285,0.0034528886899352074,0.08184814453125,0.0001220703125,1.0,0.6666666865348816
VOS-Endovis17,seq_1,3,5,00005,0,0.949670660235465,0.07205352783203126,0,-0.07446268200874329,0.5702100098133087,0.953125,0.6594292521476746,0.5384615659713745,0.05478573963046074,0.07122802734375,0.0106201171875,1.0,0.8333333134651184
VOS-Endovis17,seq_1,3,6,00006,0,0.9439423406932845,0.10391769409179688,0,0.020403195172548294,0.38579821586608887,0.9609375,0.7719770669937134,0.41860467195510864,0.05646892637014389,0.10308837890625,0.0318603515625,1.0,1.0
VOS-Endovis17,seq_1,3,7,00007,0,0.9600280164866248,0.13880538940429688,0,-0.0923859030008316,0.6861732602119446,0.953125,0.6578289270401001,0.5525833368301392,0.09214048087596893,0.13800048828125,0.034912109375,1.0,1.0
VOS-Endovis17,seq_1,3,8,00008,0,0.9538361241138709,0.12548370361328126,0,-0.00721687451004982,0.4322897791862488,0.96484375,0.6934013366699219,0.4974111318588257,0.05791781470179558,0.127685546875,0.01031494140625,1.0,1.0
VOS-Endovis17,seq_1,3,9,00009,0,0.9597278047670107,0.12510528564453124,0,0.005332157481461763,0.5932725071907043,0.96484375,0.6383272409439087,0.5557503700256348,0.06619691848754883,0.12371826171875,0.00396728515625,1.0,1.0
VOS-Endovis17,seq_1,3,10,00010,0,0.9438719701245044,0.1048095703125,0,-0.05304320901632309,0.7066433429718018,0.95703125,0.8032082319259644,0.3716738224029541,0.036662667989730835,0.10784912109375,0.015869140625,1.0,1.0
VOS-Endovis17,seq_1,3,11,00011,0,0.9123685764914353,0.09065093994140624,0,0.00013339001452550292,0.31088870763778687,0.93359375,0.45282745361328125,0.7302379012107849,0.09808811545372009,0.0941162109375,0.01373291015625,1.0,1.0
VOS-Endovis17,seq_1,3,12,00012,0,0.9417417058066833,0.12271270751953126,1,0.32920926809310913,0.9915715921670198,0.953125,0.014490953646600246,0.9938288927078247,0.21307562291622162,0.12481689453125,0.03070068359375,1.0,1.0
VOS-Endovis17,seq_1,3,13,00013,0,0.958498223711192,0.13990402221679688,1,0.16051045060157776,0.7516971975564957,0.95703125,0.4382227957248688,0.741309404373169,0.09763142466545105,0.140380859375,0.01556396484375,1.0,1.0
VOS-Endovis17,seq_1,3,14,00014,0,0.9426359953703703,0.14311676025390624,0,0.028528878465294838,0.19277030229568481,0.96484375,0.9161285161972046,0.20993834733963013,0.019365739077329636,0.14324951171875,0.00286865234375,1.0,1.0
VOS-Endovis17,seq_1,3,15,00015,0,0.9512818510710289,0.14514694213867188,1,0.04914746433496475,0.4216511845588684,0.9609375,0.8647148013114929,0.2854505181312561,0.02665463648736477,0.14013671875,0.00311279296875,1.0,1.0
VOS-Endovis17,seq_1,3,16,00016,0,0.9419431404609948,0.14343643188476562,0,0.003943100571632385,0.1247825026512146,0.9609375,0.9596766829490662,0.13557928800582886,0.010401526466012001,0.1368408203125,0.0032958984375,1.0,1.0
VOS-Endovis17,seq_1,3,17,00017,0,0.9517026990260934,0.14558639526367187,0,-0.03559068590402603,0.38834238052368164,0.94921875,0.7322967648506165,0.45929086208343506,0.052375439554452896,0.14959716796875,0.01275634765625,1.0,1.0
VOS-Endovis17,seq_1,3,18,00018,0,0.9258164714696746,0.13921356201171875,0,-0.1488315463066101,0.8590831458568573,0.95703125,0.4766784906387329,0.7097468972206116,0.11064665764570236,0.14288330078125,0.0067138671875,1.0,1.0
VOS-Endovis17,seq_1,3,19,00019,0,0.9550576612052598,0.16669769287109376,0,-0.1656060516834259,0.7140241265296936,0.96484375,0.824918806552887,0.3414633870124817,0.038180314004421234,0.17254638671875,0.0296630859375,1.0,1.0
VOS-Endovis17,seq_1,3,20,00020,0,0.9501402291849435,0.165789794921875,1,0.11541692167520523,0.4476494789123535,0.96875,0.2631608545780182,0.855557918548584,0.15194864571094513,0.1611328125,0.01141357421875,1.0,1.0
VOS-Endovis17,seq_1,3,21,00021,0,0.9518867102034716,0.18064727783203124,0,-0.008687813766300678,0.1734432578086853,0.96875,0.9479115605354309,0.1440989375114441,0.01375037431716919,0.17767333984375,0.01654052734375,1.0,1.0
VOS-Endovis17,seq_1,3,22,00022,0,0.9151731624470357,0.215460205078125,1,0.07748840749263763,0.3410012125968933,0.95703125,0.8602429628372192,0.28964757919311523,0.05021428316831589,0.20147705078125,0.0238037109375,1.0,1.0
VOS-Endovis17,seq_1,3,23,00023,0,0.9357925829529679,0.22814712524414063,1,0.41399675607681274,0.7011111378669739,0.95703125,0.48256465792655945,0.7025885581970215,0.14095544815063477,0.2298583984375,0.02838134765625,1.0,1.0
VOS-Endovis17,seq_1,3,24,00024,0,0.9646455406121986,0.24107208251953124,1,0.05816996097564697,0.5243760049343109,0.96484375,0.6595512628555298,0.5456599593162537,0.09133083373308182,0.2415771484375,0.01171875,1.0,1.0
VOS-Endovis17,seq_1,3,25,00025,0,0.9636326771363267,0.24202651977539064,0,-0.0029503703117370605,0.09724897146224976,0.96484375,0.9858886003494263,0.07002663612365723,0.009616742841899395,0.24456787109375,0.00299072265625,1.0,1.0
VOS-Endovis17,seq_1,3,26,00026,0,0.9389170555028739,0.21508560180664063,0,-0.007594037801027298,0.25195300579071045,0.95703125,0.8587100505828857,0.3023151159286499,0.04538843408226967,0.2164306640625,0.02813720703125,1.0,1.0
VOS-Endovis17,seq_1,3,27,00027,0,0.889093790520098,0.1996429443359375,0,-0.07645043730735779,0.5002427399158478,0.94140625,0.8103940486907959,0.37613147497177124,0.04918602854013443,0.19964599609375,0.01678466796875,1.0,1.0
VOS-Endovis17,seq_1,3,28,00028,0,0.9223382844035666,0.20262680053710938,0,-0.18566016852855682,0.5391411185264587,0.94140625,0.9658844470977783,0.14327400922775269,0.03701043874025345,0.188720703125,0.01092529296875,1.0,1.0
VOS-Endovis17,seq_1,3,29,00029,0,0.9277180044369402,0.19963455200195312,0,-0.25497642159461975,0.5149878263473511,0.94921875,0.9861187934875488,0.06602001190185547,0.008692609146237373,0.18853759765625,0.00018310546875,1.0,1.0
VOS-Endovis17,seq_1,3,30,00030,0,0.9528786086085682,0.18318634033203124,1,0.21141855418682098,0.3569490909576416,0.94921875,0.5859023928642273,0.6096341609954834,0.09089897572994232,0.1849365234375,0.00360107421875,1.0,1.0
VOS-Endovis17,seq_1,3,31,00031,0,0.9630679026499394,0.181207275390625,1,0.14932416379451752,0.20698481798171997,0.9609375,0.9283344745635986,0.20107078552246094,0.021437743678689003,0.1842041015625,0.000732421875,1.0,1.0
VOS-Endovis17,seq_1,3,32,00032,0,0.9606672469524778,0.18127822875976562,0,-0.0027850791811943054,0.019231677055358887,0.96484375,0.9997649192810059,0.007253527641296387,0.0002251968253403902,0.1846923828125,0.00048828125,1.0,1.0
VOS-Endovis17,seq_1,3,33,00033,0,0.9509968226657955,0.1817657470703125,0,0.0044281333684921265,0.032505154609680176,0.96484375,0.9985150098800659,0.018676280975341797,0.001988521311432123,0.18438720703125,0.00030517578125,1.0,1.0
VOS-Endovis17,seq_1,3,34,00034,0,0.9548986786990765,0.183160400390625,0,0.005920089781284332,0.04373079538345337,0.96484375,0.9985727071762085,0.0192873477935791,0.002122160978615284,0.1854248046875,0.00103759765625,1.0,1.0
VOS-Endovis17,seq_1,3,35,00035,0,0.9642662731198665,0.184521484375,0,0.004902318120002747,0.060157716274261475,0.9609375,0.9990401268005371,0.014959335327148438,0.0016641413094475865,0.1871337890625,0.001708984375,1.0,1.0
VOS-Endovis17,seq_1,3,36,00036,0,0.9622198822073903,0.18639678955078126,0,-0.010130338370800018,0.07700353860855103,0.96484375,0.998996913433075,0.01617598533630371,0.001067766803316772,0.1871337890625,0.0,1.0,1.0
VOS-Endovis17,seq_1,3,37,00037,0,0.9556473521045735,0.18628768920898436,0,-0.005582869052886963,0.07467734813690186,0.9609375,0.9993886947631836,0.01198965311050415,0.0007185188005678356,0.18731689453125,0.00018310546875,1.0,1.0
VOS-Endovis17,seq_1,3,38,00038,0,0.9577263278033669,0.18173141479492189,0,0.008289128541946411,0.02606266736984253,0.96484375,0.9940052628517151,0.043352603912353516,0.00362448301166296,0.1845703125,0.00274658203125,1.0,1.0
VOS-Endovis17,seq_1,3,39,00039,0,0.9571950939559899,0.180438232421875,0,0.004454577341675758,0.029367268085479736,0.96484375,0.9987902045249939,0.017422735691070557,0.0018338498193770647,0.18353271484375,0.00103759765625,1.0,1.0
VOS-Endovis17,seq_1,3,40,00040,0,0.9555198438890005,0.18009490966796876,0,-0.0006815530359745026,0.03353530168533325,0.96484375,0.9996673464775085,0.008609294891357422,0.0011745294323191047,0.18353271484375,0.0,1.0,1.0
VOS-Endovis17,seq_1,3,41,00041,0,0.9582291073892271,0.18067245483398436,0,0.006082495674490929,0.030620872974395752,0.96875,0.9995280504226685,0.01449275016784668,0.0017709932290017605,0.18438720703125,0.0008544921875,1.0,1.0
VOS-Endovis17,seq_1,3,42,00042,0,0.9521718504822956,0.18243026733398438,0,0.00630011223256588,0.03761911392211914,0.96484375,0.9982000589370728,0.02290576696395874,0.0015304542612284422,0.18438720703125,0.0,1.0,1.0
VOS-Endovis17,seq_1,3,43,00043,0,0.9615645195970643,0.18335113525390626,0,0.006620664149522781,0.05602860450744629,0.9609375,0.9989309310913086,0.01703798770904541,0.0017311078263446689,0.18499755859375,0.0006103515625,1.0,1.0
VOS-Endovis17,seq_1,3,44,00044,0,0.9653854689990518,0.18480911254882812,0,0.0010874886065721512,0.07772904634475708,0.96484375,0.9982684254646301,0.025915145874023438,0.002266567898914218,0.18695068359375,0.001953125,1.0,1.0
VOS-Endovis17,seq_1,3,45,00045,0,0.9630257693109475,0.18556289672851561,0,-0.008470609784126282,0.07885080575942993,0.96484375,0.9993002414703369,0.010689973831176758,0.0011327320244163275,0.1878662109375,0.00091552734375,1.0,1.0
VOS-Endovis17,seq_1,3,46,00046,0,0.9242047169702626,0.12949371337890625,1,0.06359311938285828,0.5065204501152039,0.92578125,0.6843416094779968,0.5302726030349731,0.08923114091157913,0.124755859375,0.0631103515625,1.0,1.0
VOS-Endovis17,seq_1,3,47,00047,0,0.9262303924741623,0.03337554931640625,1,0.12691527605056763,0.8102613240480423,0.92578125,0.4254515469074249,0.7995402216911316,0.16979877650737762,0.03460693359375,0.09014892578125,1.0,1.0
VOS-Endovis17,seq_1,3,48,00048,0,0.9249580311867223,0.04200286865234375,1,0.0821230411529541,0.33229243755340576,0.91796875,0.8634325265884399,0.29919135570526123,0.0260189026594162,0.04241943359375,0.0078125,1.0,1.0
VOS-Endovis17,seq_1,3,49,00049,0,0.9150806361503222,0.039111328125,0,0.018768563866615295,0.1950938105583191,0.9375,0.9086029529571533,0.2213333249092102,0.015164635144174099,0.03900146484375,0.00341796875,1.0,1.0
VOS-Endovis17,seq_1,3,50,00050,0,0.9222586930192554,0.04074783325195312,1,0.08886245638132095,0.3559735417366028,0.9375,0.8422221541404724,0.3245614171028137,0.01689719408750534,0.0426025390625,0.00360107421875,1.0,1.0
VOS-Endovis17,seq_1,3,51,00051,0,0.9308922124806601,0.046014404296875,1,0.056021664291620255,0.32212990522384644,0.9453125,0.870548665523529,0.2775841951370239,0.014972337521612644,0.04791259765625,0.00531005859375,1.0,1.0
VOS-Endovis17,seq_1,3,52,00052,0,0.9185490045941807,0.052761077880859375,1,0.05358562618494034,0.3827945590019226,0.94140625,0.8031150698661804,0.36122047901153564,0.02164079062640667,0.0537109375,0.00579833984375,1.0,1.0
VOS-Endovis17,seq_1,3,53,00053,0,0.938223581693311,0.06345138549804688,1,0.09045334905385971,0.5226373374462128,0.9453125,0.6987400650978088,0.4953343868255615,0.027162637561559677,0.06439208984375,0.01068115234375,1.0,1.0
VOS-Endovis17,seq_1,3,54,00054,0,0.935619805688868,0.06294937133789062,0,-0.002034408738836646,0.09841030836105347,0.9453125,0.9858006834983826,0.06938022375106812,0.005492867901921272,0.06298828125,0.00140380859375,1.0,1.0
VOS-Endovis17,seq_1,3,55,00055,0,0.8587222431313511,0.042148590087890625,0,-0.05049961805343628,0.4625842571258545,0.91796875,0.7943491339683533,0.3999999761581421,0.0392458438873291,0.0478515625,0.01513671875,1.0,1.0
VOS-Endovis17,seq_1,3,56,00056,0,1.0,0.0,0,-0.2499612718820572,1.0,3.694822225952521e-13,0.0,1.0,1.0,0.0,0.0478515625,1.0,1.0
VOS-Endovis17,seq_1,3,57,00057,0,0.6061368209255533,0.000980377197265625,0,-0.28941547870635986,0.9847932970151305,0.765625,0.0,1.0,1.0,0.00152587890625,0.00152587890625,1.0,1.0
VOS-Endovis17,seq_1,3,58,00058,0,0.9227577073063057,0.05031585693359375,0,0.011722026392817497,0.4326900839805603,0.9140625,0.17050813138484955,0.9698492288589478,0.17505453526973724,0.04852294921875,0.0469970703125,1.0,1.0
VOS-Endovis17,seq_1,3,59,00059,0,0.8964672393635947,0.06875152587890625,0,-0.1689307540655136,0.8134364187717438,0.94140625,0.438816636800766,0.7474874258041382,0.09198905527591705,0.07318115234375,0.024658203125,1.0,1.0
VOS-Endovis17,seq_1,3,60,00060,0,0.9031497155543222,0.06750106811523438,0,-0.0661512017250061,0.6642230153083801,0.9375,0.6014499068260193,0.6013269424438477,0.05393696576356888,0.068359375,0.00482177734375,1.0,1.0
VOS-Endovis17,seq_1,3,61,00061,0,0.873250336473755,0.020171356201171876,0,-0.013841789215803146,0.7239239513874054,0.89453125,0.39232006669044495,0.8094855546951294,0.15011663734912872,0.02203369140625,0.04632568359375,1.0,1.0
VOS-Endovis17,seq_1,3,62,00062,0,0.8350192335090468,0.013707733154296875,0,-0.27953141927719116,0.9576393477618694,0.86328125,0.004281533882021904,1.0,0.14564375579357147,0.01556396484375,0.0064697265625,1.0,1.0
VOS-Endovis17,seq_1,3,63,00063,0,0.8624312347188264,0.01759033203125,0,-0.3941502869129181,0.9999717567316111,0.91015625,0.4982975721359253,0.6834862232208252,0.04103826358914375,0.01947021484375,0.00390625,1.0,1.0
VOS-Endovis17,seq_1,3,64,00064,0,0.9289577670038954,0.05081100463867187,1,0.06904730945825577,0.4236319661140442,0.94921875,3.711309773279936e-06,1.0,0.21414679288864136,0.05419921875,0.03472900390625,1.0,1.0
VOS-Endovis17,seq_1,3,65,00065,0,0.9170009497737304,0.06700668334960938,0,-0.1456371396780014,0.5356773734092712,0.94921875,0.6941587328910828,0.4984423518180847,0.043738994747400284,0.0634765625,0.00927734375,1.0,1.0
VOS-Endovis17,seq_1,3,66,00066,0,0.9221620248878354,0.05238800048828125,0,-0.2847954332828522,0.6780716180801392,0.921875,0.8301469087600708,0.3534558415412903,0.03562721610069275,0.0513916015625,0.0120849609375,1.0,1.0
VOS-Endovis17,seq_1,3,67,00067,0,0.8730891083018055,0.022049713134765624,0,-0.15930268168449402,0.7797554433345795,0.91015625,0.07614702731370926,0.9675540924072266,0.13201533257961273,0.02435302734375,0.02703857421875,1.0,1.0
VOS-Endovis17,seq_1,3,68,00068,0,0.8653149290476059,0.024237060546875,0,0.01647750474512577,0.6215773224830627,0.9140625,0.7458139061927795,0.44916820526123047,0.022802507504820824,0.02685546875,0.00250244140625,1.0,1.0
VOS-Endovis17,seq_1,3,69,00069,0,0.8998911860718172,0.0287689208984375,1,0.2382066398859024,0.4452211856842041,0.91796875,0.7466824054718018,0.4470587968826294,0.030426712706685066,0.029541015625,0.002685546875,1.0,1.0
VOS-Endovis17,seq_1,3,70,00070,0,0.8890358288639091,0.028806304931640624,0,-0.005640858318656683,0.09099185466766357,0.92578125,0.9819432497024536,0.08102768659591675,0.003717469284310937,0.02972412109375,0.00018310546875,1.0,1.0
VOS-Endovis17,seq_1,3,71,00071,0,0.8773166654553384,0.028858184814453125,0,-0.029184743762016296,0.20069557428359985,0.91796875,0.9866481423377991,0.0669291615486145,0.002943134866654873,0.03021240234375,0.00048828125,1.0,1.0
VOS-Endovis17,seq_1,3,72,00072,0,0.8897439100562149,0.027840423583984374,0,-0.07042396813631058,0.2154693603515625,0.92578125,0.9903116226196289,0.06876230239868164,0.0011457264190539718,0.02978515625,0.00042724609375,1.0,1.0
VOS-Endovis17,seq_1,3,73,00073,0,0.8807407204792254,0.02500457763671875,0,0.0286618173122406,0.33368009328842163,0.90625,0.8342496156692505,0.3368983864784241,0.015614749863743782,0.02716064453125,0.00262451171875,1.0,1.0
VOS-Endovis17,seq_1,3,74,00074,0,0.886789000418235,0.027042388916015625,1,0.09468185901641846,0.22517406940460205,0.9140625,0.9099908471107483,0.21073555946350098,0.0023187047336250544,0.02777099609375,0.0006103515625,1.0,1.0
VOS-Endovis17,seq_1,3,75,00075,0,0.7733984552476147,0.015917205810546876,0,0.0,0.5074088871479034,0.890625,0.7608050107955933,0.4386317729949951,0.03563259169459343,0.01959228515625,0.0081787109375,1.0,1.0
VOS-Endovis17,seq_1,3,76,00076,0,1.0,0.0,0,0.0,1.0,1.6432439176733427e-19,0.0,1.0,1.0,0.0,0.01959228515625,1.0,1.0
VOS-Endovis17,seq_1,3,77,00077,0,1.0,0.0,0,0.0,1.0,1.2197274440461925e-18,0.0,0.0,1.0,0.0,0.0,1.0,1.0
VOS-Endovis17,seq_1,3,78,00078,0,1.0,0.0,0,0.0,1.0,3.3068166260807885e-18,0.0,0.0,1.0,0.0,0.0,1.0,1.0
VOS-Endovis17,seq_1,3,79,00079,0,1.0,0.0,0,0.0,1.0,5.759824041329242e-19,0.0,0.0,1.0,0.0,0.0,1.0,1.0
VOS-Endovis17,seq_1,3,80,00080,0,1.0,0.0,0,0.0,1.0,1.1546753136970622e-17,0.0,0.0,1.0,0.0,0.0,1.0,1.0
VOS-Endovis17,seq_1,3,81,00081,0,1.0,0.0,0,0.0,1.0,2.574980159653073e-18,0.0,0.0,1.0,0.0,0.0,1.0,1.0
VOS-Endovis17,seq_1,3,82,00082,0,1.0,0.0,0,0.0,1.0,2.439454888092385e-17,0.0,0.0,1.0,0.0,0.0,1.0,1.0
VOS-Endovis17,seq_1,3,83,00083,0,1.0,0.0,0,0.0,1.0,6.993104012531504e-18,0.0,0.0,1.0,0.0,0.0,1.0,1.0
VOS-Endovis17,seq_1,3,84,00084,0,1.0,0.0,0,0.0,1.0,1.485356976305141e-17,0.0,0.0,1.0,0.0,0.0,1.0,1.0
VOS-Endovis17,seq_1,3,85,00085,0,1.0,0.0,0,0.0,1.0,2.0057740190981832e-18,0.0,0.0,1.0,0.0,0.0,1.0,1.0
VOS-Endovis17,seq_1,3,86,00086,0,1.0,0.0,0,0.0,1.0,9.486769009248164e-19,0.0,0.0,1.0,0.0,0.0,1.0,1.0
VOS-Endovis17,seq_1,3,87,00087,0,1.0,0.0,0,0.0,1.0,1.485356976305141e-17,0.0,0.0,1.0,0.0,0.0,1.0,1.0
VOS-Endovis17,seq_1,3,88,00088,0,1.0,0.0,0,0.0,1.0,7.386127300057499e-19,0.0,0.0,1.0,0.0,0.0,1.0,1.0
VOS-Endovis17,seq_1,3,89,00089,0,1.0,0.0,0,0.0,1.0,5.759824041329242e-19,0.0,0.0,1.0,0.0,0.0,1.0,1.0
VOS-Endovis17,seq_1,3,90,00090,0,1.0,0.0,0,0.0,1.0,3.3068166260807885e-18,0.0,0.0,1.0,0.0,0.0,1.0,1.0
VOS-Endovis17,seq_1,3,91,00091,0,1.0,0.0,0,0.0,1.0,4.0332320816460765e-17,0.0,0.0,1.0,0.0,0.0,1.0,1.0
VOS-Endovis17,seq_1,3,92,00092,0,1.0,0.0,0,0.0,1.0,1.2197274440461925e-18,0.0,0.0,1.0,0.0,0.0,1.0,1.0
VOS-Endovis17,seq_1,3,93,00093,0,1.0,0.0,0,0.0,1.0,1.2197274440461925e-18,0.0,0.0,1.0,0.0,0.0,1.0,1.0
VOS-Endovis17,seq_1,3,94,00094,0,1.0,0.0,0,0.0,1.0,3.144186300207963e-17,0.0,0.0,1.0,0.0,0.0,1.0,1.0
VOS-Endovis17,seq_1,3,95,00095,0,1.0,0.0,0,0.0,1.0,7.386127300057499e-19,0.0,0.0,1.0,0.0,0.0,1.0,1.0
VOS-Endovis17,seq_1,3,96,00096,0,0.0,0.0,0,0.0,1.0,0.90625,0.0,1.0,1.0,0.02716064453125,0.02716064453125,1.0,1.0
VOS-Endovis17,seq_1,3,97,00097,0,0.0,0.0,0,0.0,1.0,0.875,0.9458737373352051,0.14919352531433105,0.013467694632709026,0.02886962890625,0.001708984375,1.0,1.0
VOS-Endovis17,seq_1,3,98,00098,0,0.0,0.0,0,0.0,1.0,0.90234375,0.7446500658988953,0.47186702489852905,0.05377146601676941,0.0440673828125,0.01519775390625,1.0,1.0
VOS-Endovis17,seq_1,3,99,00099,0,0.0,0.0,0,0.0,1.0,0.94140625,0.2686341106891632,0.8649740219116211,0.10380321741104126,0.07598876953125,0.03192138671875,1.0,1.0
VOS-Endovis17,seq_1,3,100,00100,0,0.0,0.0,0,0.0,1.0,0.93359375,0.7885884046554565,0.4072825312614441,0.03304184973239899,0.06817626953125,0.0078125,1.0,1.0
VOS-Endovis17,seq_1,3,101,00101,0,0.0,0.0,0,0.0,1.0,0.92578125,0.924768328666687,0.20951586961746216,0.014820296317338943,0.062744140625,0.00543212890625,1.0,1.0
VOS-Endovis17,seq_1,3,102,00102,0,0.0,0.0,0,0.0,1.0,0.94140625,0.9182531833648682,0.2142857313156128,0.025999531149864197,0.07305908203125,0.01031494140625,1.0,1.0
VOS-Endovis17,seq_1,3,103,00103,0,0.0,0.0,0,0.0,1.0,0.94921875,0.8385439515113831,0.3370491862297058,0.022646654397249222,0.08172607421875,0.0086669921875,1.0,1.0
VOS-Endovis17,seq_1,3,104,00104,0,0.0,0.0,0,0.0,1.0,0.9453125,0.9915925860404968,0.0511896014213562,0.0037794974632561207,0.083251953125,0.00152587890625,1.0,1.0
VOS-Endovis17,seq_1,3,105,00105,0,0.0,0.0,0,0.0,1.0,0.953125,0.9746091365814209,0.09823322296142578,0.007245429325848818,0.08099365234375,0.00225830078125,1.0,1.0
VOS-Endovis17,seq_1,3,106,00106,0,0.0,0.0,0,0.0,1.0,0.9609375,0.9606494307518005,0.12905454635620117,0.010027192533016205,0.08447265625,0.00347900390625,1.0,1.0
VOS-Endovis17,seq_1,3,107,00107,0,0.0,0.0,0,0.0,1.0,0.9453125,0.9352586269378662,0.1827608346939087,0.011557559482753277,0.086669921875,0.002197265625,1.0,1.0
VOS-Endovis17,seq_1,3,108,00108,0,0.0,0.0,0,0.0,1.0,0.8828125,0.008758270181715488,0.998132586479187,0.16695095598697662,0.0443115234375,0.0423583984375,1.0,1.0
VOS-Endovis17,seq_1,3,109,00109,0,0.0,0.0,0,0.0,1.0,0.84375,0.4001530408859253,0.8089480400085449,0.11118786036968231,0.01580810546875,0.02850341796875,1.0,1.0
VOS-Endovis17,seq_1,3,110,00110,0,0.0,0.0,0,0.0,1.0,0.87109375,0.8945729732513428,0.2474226951599121,0.00881722941994667,0.01531982421875,0.00048828125,1.0,1.0
VOS-Endovis17,seq_1,3,111,00111,0,0.0,0.0,0,0.0,1.0,0.8828125,0.8427566885948181,0.33636361360549927,0.019850943237543106,0.0181884765625,0.00286865234375,1.0,1.0
VOS-Endovis17,seq_1,3,112,00112,0,0.0,0.0,0,0.0,1.0,0.90625,0.6605768203735352,0.5430107116699219,0.026215746998786926,0.014892578125,0.0032958984375,1.0,1.0
VOS-Endovis17,seq_1,3,113,00113,0,0.0,0.0,0,0.0,1.0,0.87890625,0.18830391764640808,0.9078651666641235,0.06451236456632614,0.0147705078125,0.0001220703125,1.0,1.0
VOS-Endovis17,seq_1,3,114,00114,0,0.0,0.0,0,0.0,1.0,0.88671875,0.6143351197242737,0.5921375751495361,0.0501505471765995,0.02020263671875,0.00543212890625,1.0,1.0
VOS-Endovis17,seq_1,3,115,00115,0,0.0,0.0,0,0.0,1.0,0.86328125,0.00010015217412728816,1.0,0.24989552795886993,0.04150390625,0.02130126953125,1.0,1.0
VOS-Endovis17,seq_1,3,116,00116,0,0.0,0.0,0,0.0,1.0,0.83203125,0.06340695917606354,0.9689716100692749,0.16005438566207886,0.02947998046875,0.01202392578125,1.0,1.0
VOS-Endovis17,seq_1,3,117,00117,0,0.0,0.0,0,0.0,1.0,0.7734375,0.6593773365020752,0.5922671556472778,0.028739677742123604,0.0194091796875,0.01007080078125,1.0,1.0
VOS-Endovis17,seq_1,3,118,00118,0,0.0,0.0,0,0.0,1.0,0.81640625,0.8465697169303894,0.3741007447242737,0.0242909025400877,0.02197265625,0.0025634765625,1.0,1.0
VOS-Endovis17,seq_1,3,119,00119,0,0.0,0.0,0,0.0,1.0,0.87890625,0.9815206527709961,0.0984455943107605,0.01028740406036377,0.0228271484375,0.0008544921875,1.0,1.0
VOS-Endovis17,seq_1,3,120,00120,0,0.0,0.0,0,0.0,1.0,0.88671875,0.938109278678894,0.1955990195274353,0.008549637161195278,0.022216796875,0.0006103515625,1.0,1.0
VOS-Endovis17,seq_1,3,121,00121,0,0.0,0.0,0,0.0,1.0,0.8359375,0.4111233651638031,0.7669172883033752,0.04999548941850662,0.017822265625,0.00439453125,1.0,1.0
VOS-Endovis17,seq_1,3,122,00122,0,0.0,0.0,0,0.0,1.0,0.76953125,0.48201408982276917,0.7120418548583984,0.037330903112888336,0.01220703125,0.005615234375,1.0,1.0
VOS-Endovis17,seq_1,3,123,00123,0,1.0,0.0,0,0.0,1.0,3.144186300207963e-17,0.0,1.0,1.0,0.0,0.01220703125,1.0,1.0
VOS-Endovis17,seq_1,3,124,00124,0,1.0,0.0,0,0.0,1.0,9.486769009248164e-19,0.0,0.0,1.0,0.0,0.0,1.0,1.0
VOS-Endovis17,seq_1,3,125,00125,0,0.0,0.0,0,0.0,1.0,0.890625,0.0,1.0,1.0,0.0191650390625,0.0191650390625,1.0,1.0
VOS-Endovis17,seq_1,3,126,00126,0,0.0,0.0,0,0.0,1.0,0.80859375,0.3060692548751831,0.8586956262588501,0.06870973855257034,0.0064697265625,0.0126953125,1.0,1.0
VOS-Endovis17,seq_1,3,127,00127,0,1.0,0.0,0,0.0,1.0,4.0332320816460765e-17,0.0,1.0,1.0,0.0,0.0064697265625,1.0,1.0
VOS-Endovis17,seq_1,3,128,00128,0,0.0,0.0,0,0.0,1.0,0.88671875,0.0,1.0,1.0,0.01458740234375,0.01458740234375,1.0,1.0
VOS-Endovis17,seq_1,3,129,00129,0,0.0,0.0,0,0.0,1.0,0.90234375,0.9172508716583252,0.21192055940628052,0.012431417591869831,0.01837158203125,0.0037841796875,1.0,1.0
VOS-Endovis17,seq_1,3,130,00130,0,0.0,0.0,0,0.0,1.0,0.85546875,0.6687501072883606,0.5393518209457397,0.027438251301646233,0.0201416015625,0.00177001953125,1.0,1.0
VOS-Endovis17,seq_1,3,131,00131,0,0.0,0.0,0,0.0,1.0,0.8046875,0.5700970888137817,0.6425120830535889,0.04085730016231537,0.01416015625,0.0059814453125,1.0,1.0
VOS-Endovis17,seq_1,3,132,00132,0,0.0,0.0,0,0.0,1.0,0.80078125,0.9417444467544556,0.20883536338806152,0.004749279003590345,0.0130615234375,0.0010986328125,1.0,1.0
VOS-Endovis17,seq_1,3,133,00133,0,0.0,0.0,0,0.0,1.0,0.8203125,0.8578268885612488,0.3670411705970764,0.00427236407995224,0.0135498046875,0.00048828125,1.0,1.0
VOS-Endovis17,seq_1,3,134,00134,0,0.0,0.0,0,0.0,1.0,0.8359375,0.6927490234375,0.5269460678100586,0.02170603536069393,0.0164794921875,0.0029296875,1.0,1.0
VOS-Endovis17,seq_1,3,135,00135,0,0.0,0.0,0,0.0,1.0,0.8359375,0.7423635125160217,0.48360657691955566,0.010764485225081444,0.01739501953125,0.00091552734375,1.0,1.0
VOS-Endovis17,seq_1,3,136,00136,0,0.0,0.0,0,0.0,1.0,0.83984375,0.9275150299072266,0.23423421382904053,0.0013787534553557634,0.01849365234375,0.0010986328125,1.0,1.0
VOS-Endovis17,seq_1,3,137,00137,0,0.0,0.0,0,0.0,1.0,0.84375,0.9396480321884155,0.21533924341201782,0.0032566760201007128,0.0184326171875,6.103515625e-05,1.0,1.0
VOS-Endovis17,seq_1,3,138,00138,0,0.0,0.0,0,0.0,1.0,0.7890625,0.4711238443851471,0.7315789461135864,0.0468878373503685,0.010986328125,0.0074462890625,1.0,1.0
VOS-Endovis17,seq_1,3,139,00139,0,0.0,0.0,0,0.0,1.0,0.796875,0.5918506383895874,0.6201550364494324,0.01112343929708004,0.0107421875,0.000244140625,1.0,1.0
VOS-Endovis17,seq_1,3,140,00140,0,0.0,0.0,0,0.0,1.0,0.9140625,0.01974310167133808,0.9958609342575073,0.16423502564430237,0.06329345703125,0.05255126953125,1.0,1.0
VOS-Endovis17,seq_1,3,141,00141,0,0.0,0.0,0,0.0,1.0,0.953125,0.5559103488922119,0.6822507381439209,0.07165282219648361,0.131103515625,0.06781005859375,1.0,1.0
VOS-Endovis17,seq_1,3,142,00142,0,0.0,0.0,0,0.0,1.0,0.9453125,0.8749990463256836,0.2884615659713745,0.02671147882938385,0.1187744140625,0.0123291015625,1.0,1.0
VOS-Endovis17,seq_1,3,143,00143,0,0.0,0.0,0,0.0,1.0,0.9453125,0.9983030557632446,0.022935807704925537,0.00020088492601644248,0.11798095703125,0.00079345703125,1.0,1.0
VOS-Endovis17,seq_1,3,144,00144,0,0.0,0.0,0,0.0,1.0,0.9453125,0.9994494915008545,0.011316895484924316,0.0008435228955931962,0.11798095703125,0.0,1.0,1.0
VOS-Endovis17,seq_1,3,145,00145,0,0.0,0.0,0,0.0,1.0,0.9296875,0.5047788619995117,0.7089285850524902,0.09119731187820435,0.05853271484375,0.0594482421875,1.0,1.0
VOS-Endovis17,seq_1,3,146,00146,0,0.0,0.0,0,0.0,1.0,0.89453125,0.36423754692077637,0.7993803024291992,0.12049925327301025,0.03607177734375,0.0224609375,1.0,1.0
VOS-Endovis17,seq_1,3,147,00147,0,0.0,0.0,0,0.0,1.0,0.8828125,0.5871899127960205,0.6225895285606384,0.040500935167074203,0.02496337890625,0.0111083984375,1.0,1.0
VOS-Endovis17,seq_1,3,148,00148,0,0.0,0.0,0,0.0,1.0,0.8671875,0.21164026856422424,0.8961988091468811,0.10870207101106644,0.0211181640625,0.00384521484375,1.0,1.0
VOS-Endovis17,seq_1,3,149,00149,0,0.0,0.0,0,0.0,1.0,0.85546875,0.709943413734436,0.5206767320632935,0.029145369306206703,0.02691650390625,0.00579833984375,1.0,1.0
VOS-Endovis17,seq_1,3,150,00150,0,0.0,0.0,0,0.0,1.0,0.875,0.7892053127288818,0.409345805644989,0.009693151339888573,0.0250244140625,0.00189208984375,1.0,1.0
VOS-Endovis17,seq_1,3,151,00151,0,0.0,0.0,0,0.0,1.0,0.828125,0.674253523349762,0.534351110458374,0.044407933950424194,0.0218505859375,0.003173828125,1.0,1.0
VOS-Endovis17,seq_1,3,152,00152,0,0.0,0.0,0,0.0,1.0,0.86328125,0.6055026650428772,0.6090604066848755,0.03834747523069382,0.02874755859375,0.00689697265625,1.0,1.0
VOS-Endovis17,seq_1,3,153,00153,0,0.0,0.0,0,0.0,1.0,0.87109375,0.39081552624702454,0.7892683148384094,0.07846157252788544,0.0469970703125,0.01824951171875,1.0,1.0
VOS-Endovis17,seq_1,3,154,00154,0,0.0,0.0,0,0.0,1.0,0.83984375,0.6297410130500793,0.6041884422302246,0.05034325271844864,0.03436279296875,0.01263427734375,1.0,1.0
VOS-Endovis17,seq_1,3,155,00155,0,0.0,0.0,0,0.0,1.0,0.8671875,0.9565229415893555,0.16584563255310059,0.007211617194116116,0.0338134765625,0.00054931640625,1.0,1.0
VOS-Endovis17,seq_1,3,156,00156,0,0.0,0.0,0,0.0,1.0,0.8984375,0.4038601815700531,0.7786960601806641,0.0859408900141716,0.04736328125,0.0135498046875,1.0,1.0
VOS-Endovis17,seq_1,3,157,00157,0,0.0,0.0,0,0.0,1.0,0.92578125,0.2712959051132202,0.853252649307251,0.09446286410093307,0.045166015625,0.002197265625,1.0,1.0
VOS-Endovis17,seq_1,3,158,00158,0,0.0,0.0,0,0.0,1.0,0.89453125,0.41558414697647095,0.7806004285812378,0.06130499765276909,0.019287109375,0.02587890625,1.0,1.0
VOS-Endovis17,seq_1,3,159,00159,0,0.0,0.0,0,0.0,1.0,0.890625,0.7946935296058655,0.3907563090324402,0.05494026094675064,0.0274658203125,0.0081787109375,1.0,1.0
VOS-Endovis17,seq_1,3,160,00160,0,0.0,0.0,0,0.0,1.0,0.83984375,0.8198632597923279,0.3562610149383545,0.038170039653778076,0.0294189453125,0.001953125,1.0,1.0
VOS-Endovis17,seq_1,3,161,00161,0,0.0,0.0,0,0.0,1.0,0.85546875,2.2865240680403076e-05,1.0,0.21003815531730652,0.02154541015625,0.00787353515625,1.0,1.0
VOS-Endovis17,seq_1,3,162,00162,0,0.0,0.0,0,0.0,1.0,0.89453125,0.1968577355146408,0.898511528968811,0.13070201873779297,0.02813720703125,0.006591796875,1.0,1.0
VOS-Endovis17,seq_1,3,163,00163,0,0.0,0.0,0,0.0,1.0,0.94921875,0.5061001181602478,0.7560700178146362,0.14180858433246613,0.1063232421875,0.07818603515625,1.0,1.0
VOS-Endovis17,seq_1,3,164,00164,0,0.0,0.0,0,0.0,1.0,0.94140625,0.39455801248550415,0.796230137348175,0.19743885099887848,0.26397705078125,0.15765380859375,1.0,1.0
VOS-Endovis17,seq_1,3,165,00165,0,0.0,0.0,0,0.0,1.0,0.96484375,0.6646450161933899,0.5462461113929749,0.12000559270381927,0.276123046875,0.01214599609375,1.0,1.0
VOS-Endovis17,seq_1,3,166,00166,0,0.0,0.0,0,0.0,1.0,0.90625,0.3761332929134369,0.8116024136543274,0.2578282356262207,0.10772705078125,0.16839599609375,1.0,1.0
VOS-Endovis17,seq_1,3,167,00167,0,0.0,0.0,0,0.0,1.0,0.89453125,0.622685968875885,0.6139112710952759,0.12434234470129013,0.06011962890625,0.047607421875,1.0,1.0
VOS-Endovis17,seq_1,3,168,00168,0,0.0,0.0,0,0.0,1.0,0.890625,0.4892054498195648,0.7037037014961243,0.07664535939693451,0.048828125,0.01129150390625,1.0,1.0
VOS-Endovis17,seq_1,3,169,00169,0,0.0,0.0,0,0.0,1.0,0.9375,0.4171903431415558,0.7743250131607056,0.16135700047016144,0.0980224609375,0.0491943359375,1.0,1.0
VOS-Endovis17,seq_1,3,170,00170,0,0.0,0.0,0,0.0,1.0,0.90625,0.15619613230228424,0.9215813279151917,0.17359206080436707,0.1051025390625,0.007080078125,1.0,1.0
VOS-Endovis17,seq_1,3,171,00171,0,0.0,0.0,0,0.0,1.0,0.90234375,0.00043078124872408807,1.0,0.2508971095085144,0.0635986328125,0.04150390625,1.0,1.0
VOS-Endovis17,seq_1,3,172,00172,0,0.0,0.0,0,0.0,1.0,0.828125,0.06388282775878906,0.9801381826400757,0.13146573305130005,0.00848388671875,0.05511474609375,1.0,1.0
VOS-Endovis17,seq_1,3,173,00173,0,0.0,0.0,0,0.0,1.0,0.87109375,0.27581071853637695,0.8644500970840454,0.09013327211141586,0.01861572265625,0.0101318359375,1.0,1.0
VOS-Endovis17,seq_1,3,174,00174,0,0.0,0.0,0,0.0,1.0,0.890625,0.21364851295948029,0.8926380276679993,0.04034365341067314,0.02545166015625,0.0068359375,1.0,1.0
VOS-Endovis17,seq_1,3,175,00175,0,0.0,0.0,0,0.0,1.0,0.88671875,0.983158528804779,0.07380950450897217,0.005096572916954756,0.02392578125,0.00152587890625,1.0,1.0
VOS-Endovis17,seq_1,3,176,00176,0,0.0,0.0,0,0.0,1.0,0.890625,0.5464942455291748,0.6660482287406921,0.024060556665062904,0.01995849609375,0.00396728515625,1.0,1.0
VOS-Endovis17,seq_1,3,177,00177,0,0.0,0.0,0,0.0,1.0,0.84375,0.318740576505661,0.8382978439331055,0.0315227285027504,0.01336669921875,0.006591796875,1.0,1.0
VOS-Endovis17,seq_1,3,178,00178,0,0.0,0.0,0,0.0,1.0,0.79296875,0.022463873028755188,0.9925373196601868,0.17289341986179352,0.00311279296875,0.01025390625,1.0,1.0
VOS-Endovis17,seq_1,3,179,00179,0,0.0,0.0,0,0.0,1.0,0.8046875,0.31243324279785156,0.8656716346740723,0.0714227557182312,0.01080322265625,0.0076904296875,1.0,1.0
VOS-Endovis17,seq_1,3,180,00180,0,0.0,0.0,0,0.0,1.0,0.81640625,0.49495676159858704,0.7103174924850464,0.01200791634619236,0.009033203125,0.00177001953125,1.0,1.0
VOS-Endovis17,seq_1,3,181,00181,0,0.0,0.0,0,0.0,1.0,0.8515625,0.19885341823101044,0.9069767594337463,0.12424192577600479,0.02252197265625,0.01348876953125,1.0,1.0
VOS-Endovis17,seq_1,3,182,00182,0,0.0,0.0,0,0.0,1.0,0.9296875,0.14172618091106415,0.9429097771644592,0.11836454272270203,0.08258056640625,0.06005859375,1.0,1.0
VOS-Endovis17,seq_1,3,183,00183,0,0.0,0.0,0,0.0,1.0,0.9296875,0.8950402736663818,0.25120770931243896,0.02565326914191246,0.09417724609375,0.0115966796875,1.0,1.0
VOS-Endovis17,seq_1,3,184,00184,0,0.0,0.0,0,0.0,1.0,0.9453125,0.9940586686134338,0.04896420240402222,0.0035181352868676186,0.09552001953125,0.0013427734375,1.0,1.0
VOS-Endovis17,seq_1,3,185,00185,0,0.0,0.0,0,0.0,1.0,0.91796875,0.7069661617279053,0.49526315927505493,0.043677933514118195,0.0789794921875,0.01654052734375,1.0,1.0
VOS-Endovis17,seq_1,3,186,00186,0,0.0,0.0,0,0.0,1.0,0.921875,0.8914842009544373,0.26851212978363037,0.017537236213684082,0.07373046875,0.0052490234375,1.0,1.0
VOS-Endovis17,seq_1,3,187,00187,0,0.0,0.0,0,0.0,1.0,0.92578125,0.9028592109680176,0.24873465299606323,0.011673611588776112,0.0740966796875,0.0003662109375,1.0,1.0
VOS-Endovis17,seq_1,3,188,00188,0,0.0,0.0,0,0.0,1.0,0.921875,0.3506118357181549,0.8014822602272034,0.10289217531681061,0.0640869140625,0.010009765625,1.0,1.0
VOS-Endovis17,seq_1,3,189,00189,0,0.0,0.0,0,0.0,1.0,0.90625,0.8222283124923706,0.364829421043396,0.0334174670279026,0.04998779296875,0.01409912109375,1.0,1.0
VOS-Endovis17,seq_1,3,190,00190,0,0.0,0.0,0,0.0,1.0,0.91015625,0.9069969058036804,0.24868279695510864,0.014250020496547222,0.05145263671875,0.00146484375,1.0,1.0
VOS-Endovis17,seq_1,3,191,00191,0,0.0,0.0,0,0.0,1.0,0.91796875,0.9931867122650146,0.049653589725494385,0.0010344093898311257,0.0516357421875,0.00018310546875,1.0,1.0
VOS-Endovis17,seq_1,3,192,00192,0,0.0,0.0,0,0.0,1.0,0.9140625,0.826751708984375,0.36281585693359375,0.02481660433113575,0.05908203125,0.0074462890625,1.0,1.0
VOS-Endovis17,seq_1,3,193,00193,0,0.0,0.0,0,0.0,1.0,0.9140625,0.659684956073761,0.5462068915367126,0.04536294564604759,0.069580078125,0.010498046875,1.0,1.0
VOS-Endovis17,seq_1,3,194,00194,0,0.0,0.0,0,0.0,1.0,0.92578125,0.9739279747009277,0.10773026943206787,0.004640497267246246,0.07086181640625,0.00128173828125,1.0,1.0
VOS-Endovis17,seq_1,3,195,00195,0,0.0,0.0,0,0.0,1.0,0.92578125,0.9885550141334534,0.07698607444763184,0.0029393790755420923,0.07244873046875,0.0015869140625,1.0,1.0
VOS-Endovis17,seq_1,3,196,00196,0,0.0,0.0,0,0.0,1.0,0.921875,0.9862825870513916,0.07201987504959106,0.007261775899678469,0.0697021484375,0.00274658203125,1.0,1.0
VOS-Endovis17,seq_1,3,197,00197,0,0.0,0.0,0,0.0,1.0,0.88671875,0.09686514735221863,0.9547461271286011,0.13727369904518127,0.0458984375,0.0238037109375,1.0,1.0
VOS-Endovis17,seq_1,3,198,00198,0,0.0,0.0,0,0.0,1.0,0.89453125,0.6558420658111572,0.5599547624588013,0.037620026618242264,0.03179931640625,0.01409912109375,1.0,1.0
VOS-Endovis17,seq_1,3,199,00199,0,0.0,0.0,0,0.0,1.0,0.890625,0.2603188455104828,0.8655462265014648,0.08304549008607864,0.05059814453125,0.018798828125,1.0,1.0
VOS-Endovis17,seq_1,3,200,00200,0,0.0,0.0,0,0.0,1.0,0.83984375,0.16410863399505615,0.920187771320343,0.13973501324653625,0.03363037109375,0.0169677734375,1.0,1.0
VOS-Endovis17,seq_1,3,201,00201,0,0.0,0.0,0,0.0,1.0,0.8359375,0.018376758322119713,0.9976580739021301,0.10186982899904251,0.01861572265625,0.0150146484375,1.0,1.0
VOS-Endovis17,seq_1,3,202,00202,0,0.0,0.0,0,0.0,1.0,0.85546875,0.8893961906433105,0.29440391063690186,0.016014935448765755,0.024169921875,0.00555419921875,1.0,1.0
VOS-Endovis17,seq_1,3,203,00203,0,0.0,0.0,0,0.0,1.0,0.8671875,0.6787758469581604,0.5589970350265503,0.030645452439785004,0.03546142578125,0.01129150390625,1.0,1.0
VOS-Endovis17,seq_1,3,204,00204,0,0.0,0.0,0,0.0,1.0,0.8671875,0.9660235643386841,0.13408726453781128,0.004767207428812981,0.0350341796875,0.00042724609375,1.0,1.0
VOS-Endovis17,seq_1,3,205,00205,0,0.0,0.0,0,0.0,1.0,0.87109375,0.9617974162101746,0.14381271600723267,0.003650920931249857,0.03271484375,0.0023193359375,1.0,1.0
VOS-Endovis17,seq_1,3,206,00206,0,0.0,0.0,0,0.0,1.0,0.85546875,0.9654396176338196,0.1428571343421936,0.01740287058055401,0.02838134765625,0.00433349609375,1.0,1.0
VOS-Endovis17,seq_1,3,207,00207,0,0.0,0.0,0,0.0,1.0,0.85546875,0.5610412359237671,0.6567398309707642,0.0261350329965353,0.02392578125,0.00445556640625,1.0,1.0
VOS-Endovis17,seq_1,3,208,00208,0,0.0,0.0,0,0.0,1.0,0.85546875,0.6823713779449463,0.5390625,0.014164061285555363,0.021728515625,0.002197265625,1.0,1.0
VOS-Endovis17,seq_1,3,209,00209,0,0.0,0.0,0,0.0,1.0,0.8515625,0.8989710807800293,0.2554216980934143,0.004944602958858013,0.0224609375,0.000732421875,1.0,1.0
VOS-Endovis17,seq_1,3,210,00210,0,0.0,0.0,0,0.0,1.0,0.89453125,0.44764822721481323,0.762876570224762,0.06752720475196838,0.05523681640625,0.03277587890625,1.0,1.0
VOS-Endovis17,seq_1,3,211,00211,0,0.0,0.0,0,0.0,1.0,0.88671875,0.6116976737976074,0.59765625,0.047096531838178635,0.0543212890625,0.00091552734375,1.0,1.0
VOS-Endovis17,seq_1,3,212,00212,0,0.0,0.0,0,0.0,1.0,0.83203125,0.11445898562669754,0.9566420912742615,0.11680885404348373,0.01470947265625,0.03961181640625,1.0,1.0
VOS-Endovis17,seq_1,3,213,00213,0,0.0,0.0,0,0.0,1.0,0.84375,0.5211010575294495,0.6965516805648804,0.025174440816044807,0.0198974609375,0.00518798828125,1.0,1.0
VOS-Endovis17,seq_1,3,214,00214,0,0.0,0.0,0,0.0,1.0,0.8515625,0.6894505023956299,0.5509868860244751,0.027136296033859253,0.03387451171875,0.01397705078125,1.0,1.0
VOS-Endovis17,seq_1,3,215,00215,0,0.0,0.0,0,0.0,1.0,0.87109375,0.9690109491348267,0.13275861740112305,0.002970960224047303,0.0322265625,0.00164794921875,1.0,1.0
VOS-Endovis17,seq_1,3,216,00216,0,0.0,0.0,0,0.0,1.0,0.859375,0.5228583812713623,0.6825174689292908,0.04029965400695801,0.0252685546875,0.0069580078125,1.0,1.0
VOS-Endovis17,seq_1,3,217,00217,0,0.0,0.0,0,0.0,1.0,0.8515625,0.649340808391571,0.5614973306655884,0.022801581770181656,0.02398681640625,0.00128173828125,1.0,1.0
VOS-Endovis17,seq_1,3,218,00218,0,0.0,0.0,0,0.0,1.0,0.890625,0.773725688457489,0.4519519805908203,0.026499833911657333,0.0389404296875,0.01495361328125,1.0,1.0
VOS-Endovis17,seq_1,3,219,00219,0,0.0,0.0,0,0.0,1.0,0.859375,0.48306259512901306,0.7233809232711792,0.05191042274236679,0.03204345703125,0.00689697265625,1.0,1.0
VOS-Endovis17,seq_1,3,220,00220,0,0.0,0.0,0,0.0,1.0,0.890625,0.714103102684021,0.5177397727966309,0.036553364247083664,0.03680419921875,0.0047607421875,1.0,1.0
VOS-Endovis17,seq_1,3,221,00221,0,0.0,0.0,0,0.0,1.0,0.86328125,0.7254417538642883,0.5012986660003662,0.030098162591457367,0.03363037109375,0.003173828125,1.0,1.0
VOS-Endovis17,seq_1,3,222,00222,0,0.0,0.0,0,0.0,1.0,0.87890625,0.8548793792724609,0.32424241304397583,0.017413560301065445,0.03387451171875,0.000244140625,1.0,1.0
VOS-Endovis17,seq_1,3,223,00223,0,0.0,0.0,0,0.0,1.0,0.8828125,0.8802601099014282,0.30000001192092896,0.017704667523503304,0.031494140625,0.00238037109375,1.0,1.0
VOS-Endovis17,seq_1,3,224,00224,0,0.0,0.0,0,0.0,1.0,0.90625,0.7138501405715942,0.5162413120269775,0.05281270295381546,0.04656982421875,0.01507568359375,1.0,1.0
VOS-Endovis17,seq_1,4,0,00000,1,0.9918732357092449,0.06895751953125,1,0.0,0.0,0.0,0.0,0.0,0.0,0.0,0.0,0.0,0.0
VOS-Endovis17,seq_1,4,1,00001,0,0.9391788669637173,0.07040481567382813,1,0.0573069229722023,0.2822227478027344,0.94921875,0.8534165620803833,0.2919818162918091,0.018134789541363716,0.06915283203125,0.00048828125,1.0,0.1666666716337204
VOS-Endovis17,seq_1,4,2,00002,0,0.9126278684694386,0.07415542602539063,0,0.018773414194583893,0.08557802438735962,0.94140625,0.9660003781318665,0.12458747625350952,0.006995207630097866,0.069580078125,0.00042724609375,1.0,0.3333333432674408
VOS-Endovis17,seq_1,4,3,00003,0,0.9043199407973852,0.070526123046875,1,0.15521912276744843,0.7324174642562866,0.92578125,0.5013600587844849,0.6969352960586548,0.044216226786375046,0.070556640625,0.0009765625,1.0,0.5
VOS-Endovis17,seq_1,4,4,00004,0,0.9387749407004325,0.07950515747070312,0,-0.28503382205963135,0.9123576506972313,0.93359375,0.18422888219356537,0.906055212020874,0.03306623548269272,0.07940673828125,0.00885009765625,1.0,0.6666666865348816
VOS-Endovis17,seq_1,4,5,00005,0,0.9531342163118666,0.08321609497070312,0,-0.4360363483428955,0.9350220412015915,0.9453125,0.7726439237594604,0.42620033025741577,0.004283638205379248,0.0826416015625,0.00323486328125,1.0,0.8333333134651184
VOS-Endovis17,seq_1,4,6,00006,0,0.9178013356675095,0.046274566650390626,0,-0.2604590058326721,0.7388854622840881,0.9296875,0.2768128216266632,0.8595041036605835,0.14159688353538513,0.043701171875,0.0389404296875,1.0,1.0
VOS-Endovis17,seq_1,4,7,00007,0,0.8342866571334286,0.023928070068359376,0,-0.45075851678848267,0.8874140605330467,0.875,0.642147421836853,0.5745992660522461,0.08788503706455231,0.02685546875,0.016845703125,1.0,1.0
VOS-Endovis17,seq_1,4,8,00008,0,0.951231527093596,0.05914306640625,0,-0.18779850006103516,0.5087041854858398,0.9453125,0.4898957312107086,0.7393571138381958,0.059117916971445084,0.06170654296875,0.03485107421875,1.0,1.0
VOS-Endovis17,seq_1,4,9,00009,0,0.944724378294718,0.0623565673828125,0,-0.026533253490924835,0.31704866886138916,0.95703125,0.8376902937889099,0.3168557286262512,0.017819859087467194,0.0650634765625,0.00335693359375,1.0,1.0
VOS-Endovis17,seq_1,4,10,00010,0,0.923537512723789,0.059389495849609376,0,0.011391662992537022,0.30214470624923706,0.94140625,0.9254502058029175,0.18928265571594238,0.009382638148963451,0.06280517578125,0.00225830078125,1.0,1.0
VOS-Endovis17,seq_1,4,11,00011,0,0.9174515575177827,0.05845489501953125,0,-0.001566719263792038,0.32794636487960815,0.92578125,0.9507450461387634,0.13970589637756348,0.01092368084937334,0.06072998046875,0.0020751953125,1.0,1.0
VOS-Endovis17,seq_1,4,12,00012,0,0.9067766319384689,0.0524200439453125,0,-0.0062120221555233,0.3804546594619751,0.91796875,0.8706399202346802,0.2845744490623474,0.0122032156214118,0.057373046875,0.00335693359375,1.0,1.0
VOS-Endovis17,seq_1,4,13,00013,0,0.9087327180834223,0.059766387939453124,0,0.019397558644413948,0.3727620244026184,0.9296875,0.8701422214508057,0.30051368474960327,0.02981422282755375,0.06378173828125,0.00640869140625,1.0,1.0
VOS-Endovis17,seq_1,4,14,00014,0,0.9352778196403937,0.0622406005859375,1,0.0744657889008522,0.7871480286121368,0.9375,0.5088518261909485,0.6814490556716919,0.04712913930416107,0.0650634765625,0.00128173828125,1.0,1.0
VOS-Endovis17,seq_1,4,15,00015,0,0.9100396737932555,0.06375732421875,1,0.04016280919313431,0.3183683156967163,0.93359375,0.8794237375259399,0.28470587730407715,0.011625133454799652,0.06842041015625,0.00335693359375,1.0,1.0
VOS-Endovis17,seq_1,4,16,00016,0,0.9274582245153619,0.06795425415039062,0,0.018914083018898964,0.28120988607406616,0.93359375,0.869270920753479,0.293012797832489,0.01439063623547554,0.07025146484375,0.0018310546875,1.0,1.0
VOS-Endovis17,seq_1,4,17,00017,0,0.9483004913631529,0.07302703857421874,0,-0.017909806221723557,0.7885344326496124,0.9296875,0.4937978982925415,0.6946141123771667,0.03644739091396332,0.0732421875,0.00299072265625,1.0,1.0
VOS-Endovis17,seq_1,4,18,00018,0,0.8839714154247776,0.07259902954101563,0,0.007230103015899658,0.9097680151462555,0.9140625,0.14753198623657227,0.9271948337554932,0.13223561644554138,0.07965087890625,0.00640869140625,1.0,1.0
VOS-Endovis17,seq_1,4,19,00019,0,0.8852427409092661,0.052770233154296874,0,-0.10491281747817993,0.9153576269745827,0.8984375,0.6841518878936768,0.5586556792259216,0.031654272228479385,0.05908203125,0.02056884765625,1.0,1.0
VOS-Endovis17,seq_1,4,20,00020,0,0.8025379139585268,0.04615936279296875,0,-0.06468738615512848,0.8781953975558281,0.87890625,0.4442586600780487,0.74884033203125,0.04041602462530136,0.05615234375,0.0029296875,1.0,1.0
VOS-Endovis17,seq_1,4,21,00021,0,0.7429636944827048,0.0439483642578125,0,-0.11605149507522583,0.8592898994684219,0.87109375,0.8445958495140076,0.3540753722190857,0.024598242715001106,0.0584716796875,0.0023193359375,1.0,1.0
VOS-Endovis17,seq_1,4,22,00022,0,0.5118926265715257,0.02447357177734375,0,-0.19495612382888794,0.9037046879529953,0.828125,0.5652947425842285,0.67171311378479,0.03405586630105972,0.04327392578125,0.01519775390625,1.0,1.0
VOS-Endovis17,seq_1,4,23,00023,0,0.7074306906064854,0.024607086181640626,0,-0.14366738498210907,0.986648584716022,0.84765625,0.047321878373622894,0.9821862578392029,0.14840912818908691,0.033447265625,0.00982666015625,1.0,1.0
VOS-Endovis17,seq_1,4,24,00024,0,0.9028336644085638,0.042803955078125,1,0.07817552238702774,0.699176698923111,0.91015625,0.2128124237060547,0.8917480111122131,0.07460646331310272,0.04278564453125,0.00933837890625,1.0,1.0
VOS-Endovis17,seq_1,4,25,00025,0,0.8990885416666666,0.03582916259765625,0,0.02770671248435974,0.3981785178184509,0.91796875,0.8428123593330383,0.3299492597579956,0.02742968685925007,0.03753662109375,0.0052490234375,1.0,1.0
VOS-Endovis17,seq_1,4,26,00026,0,0.838481577967994,0.0214324951171875,0,-0.09994283318519592,0.5066335499286652,0.8671875,0.7209511995315552,0.5059347152709961,0.02400144562125206,0.02392578125,0.01361083984375,1.0,1.0
VOS-Endovis17,seq_1,4,27,00027,0,0.4885472496473907,0.020600128173828124,0,-0.09814436733722687,0.7194520533084869,0.79296875,0.375971257686615,0.7895622849464417,0.0435643196105957,0.01995849609375,0.00396728515625,1.0,1.0
VOS-Endovis17,seq_1,4,28,00028,0,0.61832895888014,0.02032623291015625,0,-0.20410369336605072,0.7865020185709,0.80078125,0.7718111872673035,0.4872727394104004,0.05906156823039055,0.03082275390625,0.0108642578125,1.0,1.0
VOS-Endovis17,seq_1,4,29,00029,0,0.7723320808535147,0.02176666259765625,0,-0.07925926893949509,0.6691930294036865,0.76171875,0.5875157117843628,0.6573426723480225,0.07198673486709595,0.02777099609375,0.0030517578125,1.0,1.0
VOS-Endovis17,seq_1,4,30,00030,0,0.9234169937750287,0.03668975830078125,1,0.3498600721359253,0.7113634049892426,0.87890625,0.4862828254699707,0.7104945778846741,0.07903779298067093,0.0374755859375,0.00970458984375,1.0,1.0
VOS-Endovis17,seq_1,4,31,00031,0,0.933961746133431,0.03978424072265625,1,0.29090872406959534,0.3803122043609619,0.90234375,0.8407728672027588,0.3529411554336548,0.008709048852324486,0.0411376953125,0.003662109375,1.0,1.0
VOS-Endovis17,seq_1,4,32,00032,0,0.9017711910356045,0.03952178955078125,0,0.027624130249023438,0.0795891284942627,0.90234375,0.9935169219970703,0.04796510934829712,0.002809347817674279,0.04083251953125,0.00030517578125,1.0,1.0
VOS-Endovis17,seq_1,4,33,00033,0,0.9057373350899673,0.03936614990234375,0,0.027595721185207367,0.06811791658401489,0.90234375,0.9958432912826538,0.02781844139099121,0.001687659416347742,0.0413818359375,0.00054931640625,1.0,1.0
VOS-Endovis17,seq_1,4,34,00034,0,0.9149523148317317,0.03929214477539063,0,0.02169012278318405,0.10076409578323364,0.90234375,0.9938048720359802,0.06456243991851807,0.0032025263644754887,0.04095458984375,0.00042724609375,1.0,1.0
VOS-Endovis17,seq_1,4,35,00035,0,0.9046235996608518,0.03957443237304688,1,0.03611806035041809,0.14397871494293213,0.8984375,0.9963198900222778,0.04664725065231323,0.001397291081957519,0.04083251953125,0.0001220703125,1.0,1.0
VOS-Endovis17,seq_1,4,36,00036,0,0.8814539300886671,0.04041900634765625,0,-0.03207762539386749,0.07704722881317139,0.89453125,0.9905785918235779,0.06512302160263062,0.004051397554576397,0.040771484375,6.103515625e-05,1.0,1.0
VOS-Endovis17,seq_1,4,37,00037,0,0.8684273057469704,0.041393280029296875,0,-0.10203492641448975,0.14568769931793213,0.89453125,0.9782800078392029,0.09735745191574097,0.009875569492578506,0.042724609375,0.001953125,1.0,1.0
VOS-Endovis17,seq_1,4,38,00038,0,0.9062694752586314,0.04030532836914062,1,0.05368393659591675,0.12234359979629517,0.90234375,0.907187819480896,0.23205125331878662,0.018158448860049248,0.04144287109375,0.00128173828125,1.0,1.0
VOS-Endovis17,seq_1,4,39,00039,0,0.9081410929634592,0.04002685546875,0,0.02433897741138935,0.0850943922996521,0.90625,0.9873237013816833,0.0716332197189331,0.0031112811993807554,0.04071044921875,0.000732421875,1.0,1.0
VOS-Endovis17,seq_1,4,40,00040,0,0.9239858578340157,0.039156341552734376,0,0.011591228656470776,0.11646413803100586,0.91015625,0.9860512614250183,0.07569140195846558,0.007480573374778032,0.03997802734375,0.000732421875,1.0,1.0
VOS-Endovis17,seq_1,4,41,00041,0,0.9134906566216117,0.039156341552734376,0,0.008768774569034576,0.10550057888031006,0.91015625,0.9937325716018677,0.04740738868713379,0.003813178976997733,0.04046630859375,0.00048828125,1.0,1.0
VOS-Endovis17,seq_1,4,42,00042,0,0.9145921388273409,0.03894805908203125,0,0.004954950418323278,0.10252803564071655,0.90234375,0.9952070116996765,0.043090641498565674,0.0046027423813939095,0.0399169921875,0.00054931640625,1.0,1.0
VOS-Endovis17,seq_1,4,43,00043,0,0.891886934350753,0.038602447509765624,0,-0.0009023156017065048,0.11069905757904053,0.90234375,0.9936232566833496,0.05037039518356323,0.003834292059764266,0.0404052734375,0.00048828125,1.0,1.0
VOS-Endovis17,seq_1,4,44,00044,0,0.8954253025145689,0.040105438232421874,0,-0.0006019718712195754,0.09654873609542847,0.90234375,0.9650239944458008,0.13927578926086426,0.00891466997563839,0.0411376953125,0.000732421875,1.0,1.0
VOS-Endovis17,seq_1,4,45,00045,0,0.9024583950037904,0.03954925537109375,0,-0.000520548433996737,0.10913395881652832,0.90234375,0.9940478801727295,0.049346864223480225,0.00456599798053503,0.0408935546875,0.000244140625,1.0,1.0
VOS-Endovis17,seq_1,4,46,00046,0,0.8587652447785555,0.05772552490234375,1,0.0560954213142395,0.420768678188324,0.94140625,0.7719529271125793,0.4497777819633484,0.11210015416145325,0.0655517578125,0.024658203125,1.0,1.0
VOS-Endovis17,seq_1,4,47,00047,0,0.9457800461111001,0.07356033325195313,1,0.13666319847106934,0.6095637381076813,0.94921875,0.6535450220108032,0.5479452013969421,0.07242953032255173,0.0767822265625,0.01123046875,1.0,1.0
VOS-Endovis17,seq_1,4,48,00048,0,0.8966926552575675,0.06413421630859376,1,0.03335568308830261,0.7072075307369232,0.9296875,0.5364742279052734,0.6601453423500061,0.051749151200056076,0.06951904296875,0.00726318359375,1.0,1.0
VOS-Endovis17,seq_1,4,49,00049,0,0.9251444956199765,0.06290283203125,1,0.0366823673248291,0.2660626769065857,0.9296875,0.8902285099029541,0.2603273391723633,0.016304360702633858,0.06671142578125,0.0028076171875,1.0,1.0
VOS-Endovis17,seq_1,4,50,00050,0,0.9152301670688481,0.061054229736328125,0,0.006858764216303825,0.27147185802459717,0.92578125,0.9108303785324097,0.23548650741577148,0.011067022569477558,0.06500244140625,0.001708984375,1.0,1.0
VOS-Endovis17,seq_1,4,51,00051,0,0.9304817905918058,0.052996826171875,0,-0.019020572304725647,0.6411435306072235,0.9140625,0.6337913870811462,0.5754512548446655,0.01539989747107029,0.055419921875,0.00958251953125,1.0,1.0
VOS-Endovis17,seq_1,4,52,00052,0,0.9142113989322057,0.04610443115234375,1,0.03234061226248741,1.0,0.93359375,0.00019305195019114763,1.0,0.36597493290901184,0.04962158203125,0.00579833984375,1.0,1.0
VOS-Endovis17,seq_1,4,53,00053,0,0.8977085179201195,0.039983367919921874,1,0.05024219676852226,0.5601832270622253,0.9375,0.6799749135971069,0.5285575985908508,0.03944270685315132,0.04315185546875,0.0064697265625,1.0,1.0
VOS-Endovis17,seq_1,4,54,00054,0,0.8826868160130545,0.038006591796875,0,0.012557429261505604,0.3995647430419922,0.9375,0.7995704412460327,0.39362913370132446,0.027379006147384644,0.04302978515625,0.0001220703125,1.0,1.0
VOS-Endovis17,seq_1,4,55,00055,0,0.8908887315362195,0.042353057861328126,0,0.0,0.9115371778607368,0.9140625,0.3643248677253723,0.7896060347557068,0.07352466881275177,0.04510498046875,0.0020751953125,1.0,1.0
VOS-Endovis17,seq_1,4,56,00056,0,0.9130594534065857,0.040316009521484376,1,0.13095399737358093,1.0,0.87890625,0.004299351945519447,1.0,0.36127620935440063,0.04327392578125,0.0018310546875,1.0,1.0
VOS-Endovis17,seq_1,4,57,00057,0,0.8055471132069922,0.06441650390625,1,0.06674535572528839,0.5191957056522369,0.83984375,0.6931617856025696,0.5619896054267883,0.22597850859165192,0.074951171875,0.03167724609375,1.0,1.0
VOS-Endovis17,seq_1,4,58,00058,0,0.8881159618943184,0.04019241333007813,0,-0.0485529787838459,0.8158476501703262,0.87890625,0.34611788392066956,0.8215366005897522,0.12348324805498123,0.0439453125,0.031005859375,1.0,1.0
VOS-Endovis17,seq_1,4,59,00059,0,0.8817852080380222,0.03256072998046875,0,-0.01509854570031166,0.8299243301153183,0.91796875,0.3560713529586792,0.8121597170829773,0.07954557985067368,0.03594970703125,0.00799560546875,1.0,1.0
VOS-Endovis17,seq_1,4,60,00060,0,0.8369120536230209,0.028849029541015626,0,0.009871846064925194,0.8148697465658188,0.8828125,0.5999837517738342,0.6276202201843262,0.046831756830215454,0.031982421875,0.00396728515625,1.0,1.0
VOS-Endovis17,seq_1,4,61,00061,0,0.8674449333206196,0.05029144287109375,0,-0.04111422598361969,0.7674815207719803,0.89453125,0.06693580001592636,0.9781022071838379,0.16928109526634216,0.053466796875,0.021484375,1.0,1.0
VOS-Endovis17,seq_1,4,62,00062,0,0.8906341091528768,0.06238250732421875,1,0.14014101028442383,0.9078495129942894,0.9140625,0.0007783498149365187,1.0,0.14093413949012756,0.06597900390625,0.01251220703125,1.0,1.0
VOS-Endovis17,seq_1,4,63,00063,0,0.9103500939849624,0.06111297607421875,1,0.07048749178647995,0.6671607196331024,0.90625,0.539795994758606,0.6700507402420044,0.03545735031366348,0.06195068359375,0.0040283203125,1.0,1.0
VOS-Endovis17,seq_1,4,64,00064,0,0.91536435230049,0.052271270751953126,0,-0.010217832401394844,0.43185150623321533,0.921875,0.8016880750656128,0.3791348338127136,0.060425303876399994,0.0546875,0.00726318359375,1.0,1.0
VOS-Endovis17,seq_1,4,65,00065,0,0.8544159997684548,0.045989990234375,0,-0.0346275195479393,0.5016810297966003,0.90234375,0.8413910865783691,0.32821494340896606,0.03665277734398842,0.0516357421875,0.0030517578125,1.0,1.0
VOS-Endovis17,seq_1,4,66,00066,0,0.8701837270341207,0.052118682861328126,1,0.2080651819705963,0.875021792948246,0.91796875,0.21911217272281647,0.8875552415847778,0.08727618306875229,0.05584716796875,0.00421142578125,1.0,1.0
VOS-Endovis17,seq_1,4,67,00067,0,0.8559453585842905,0.05743331909179687,1,0.07959020882844925,0.3315865993499756,0.9140625,0.84232097864151,0.34474122524261475,0.05361580103635788,0.065185546875,0.00933837890625,1.0,1.0
VOS-Endovis17,seq_1,4,68,00068,0,0.9039101792165474,0.06014175415039062,1,0.0664345920085907,0.3407480716705322,0.91015625,0.8863847255706787,0.26903975009918213,0.01106969453394413,0.06243896484375,0.00274658203125,1.0,1.0
VOS-Endovis17,seq_1,4,69,00069,0,0.8719049273061082,0.0546478271484375,0,-0.014780561439692974,0.21127277612686157,0.8984375,0.9404233694076538,0.16803652048110962,0.0009399707778356969,0.05999755859375,0.00244140625,1.0,1.0
VOS-Endovis17,seq_1,4,70,00070,0,0.8620834081254114,0.045178985595703124,0,-0.025474729016423225,0.6491638422012329,0.890625,0.6294254064559937,0.5887924432754517,0.04466477409005165,0.04913330078125,0.0108642578125,1.0,1.0
VOS-Endovis17,seq_1,4,71,00071,0,0.8832524590163935,0.052495574951171874,0,-0.02256646379828453,0.4137101173400879,0.90625,0.8245474696159363,0.3592417240142822,0.03211609646677971,0.0565185546875,0.00738525390625,1.0,1.0
VOS-Endovis17,seq_1,4,72,00072,0,0.8823785477973185,0.058194732666015624,0,-0.03487410396337509,0.6062898635864258,0.84375,0.5629194378852844,0.6550724506378174,0.04588786140084267,0.0567626953125,0.000244140625,1.0,1.0
VOS-Endovis17,seq_1,4,73,00073,0,0.8393512951347135,0.039632415771484374,1,0.06499515473842621,0.9601889178156853,0.91796875,0.0006519159651361406,1.0,0.1882762759923935,0.0465087890625,0.01025390625,1.0,1.0
VOS-Endovis17,seq_1,4,74,00074,0,0.7819031546150851,0.03194732666015625,0,-0.011003728955984116,0.6597765982151031,0.7890625,0.6849871277809143,0.5442020893096924,0.09848879277706146,0.0308837890625,0.015625,1.0,1.0
VOS-Endovis17,seq_1,4,75,00075,0,0.9450872720141205,0.04599609375,0,-0.11796961724758148,1.0,0.90625,1.931599911131343e-07,1.0,0.17268536984920502,0.04437255859375,0.01348876953125,1.0,1.0
VOS-Endovis17,seq_1,4,76,00076,0,0.8458684797020904,0.05113906860351562,0,-0.07313354313373566,0.7454685270786285,0.890625,0.08890023827552795,0.9575051665306091,0.11474384367465973,0.0484619140625,0.00408935546875,1.0,1.0
VOS-Endovis17,seq_1,4,77,00077,0,0.8609001285897986,0.04302139282226562,1,0.04132059961557388,0.6238853633403778,0.8828125,0.05680840089917183,0.9837914109230042,0.0933302640914917,0.03955078125,0.0089111328125,1.0,1.0
VOS-Endovis17,seq_1,4,78,00078,0,0.8675321049692909,0.038455963134765625,0,-0.008712357841432095,0.7193889319896698,0.82421875,0.5147463083267212,0.6911907196044922,0.0960909053683281,0.04296875,0.00341796875,1.0,1.0
VOS-Endovis17,seq_1,4,79,00079,0,0.9407109432723093,0.044927215576171874,1,0.3266456425189972,0.9123161286115646,0.89453125,0.23755408823490143,0.885625958442688,0.08617594838142395,0.0450439453125,0.0020751953125,1.0,1.0
VOS-Endovis17,seq_1,4,80,00080,0,0.9180254300673149,0.044580841064453126,0,-0.01207275316119194,0.06565433740615845,0.90234375,0.9862550497055054,0.08454424142837524,0.008171992376446724,0.04345703125,0.0015869140625,1.0,1.0
VOS-Endovis17,seq_1,4,81,00081,0,0.9081246001673146,0.0441741943359375,0,0.01053063664585352,0.12835347652435303,0.91015625,0.9785017371177673,0.10052907466888428,0.006500448100268841,0.044189453125,0.000732421875,1.0,1.0
VOS-Endovis17,seq_1,4,82,00082,0,0.8516234722426741,0.03697967529296875,0,0.020155612379312515,0.2733924984931946,0.88671875,0.9018446803092957,0.25095540285110474,0.01333632506430149,0.03961181640625,0.00457763671875,1.0,1.0
VOS-Endovis17,seq_1,4,83,00083,0,0.8947773956512751,0.03805389404296875,1,0.19473135471343994,0.7473222315311432,0.84375,0.5388296246528625,0.6735537052154541,0.04410538449883461,0.03875732421875,0.0008544921875,1.0,1.0
VOS-Endovis17,seq_1,4,84,00084,0,0.8306169468384674,0.060228729248046876,1,0.1380288153886795,0.43275827169418335,0.91015625,0.7727536559104919,0.4787052869796753,0.08444097638130188,0.07025146484375,0.031494140625,1.0,1.0
VOS-Endovis17,seq_1,4,85,00085,0,0.9237535525520505,0.056621551513671875,1,0.3418518602848053,0.6198749244213104,0.91796875,0.6535119414329529,0.5573997497558594,0.08424939960241318,0.05706787109375,0.01318359375,1.0,1.0
VOS-Endovis17,seq_1,4,86,00086,0,0.8773218896969848,0.05531234741210937,0,-0.03366952762007713,0.15676665306091309,0.921875,0.9281453490257263,0.201133131980896,0.013581417500972748,0.0592041015625,0.00213623046875,1.0,1.0
VOS-Endovis17,seq_1,4,87,00087,0,0.9044218340052473,0.05493011474609375,0,-0.0008710988331586123,0.10587745904922485,0.921875,0.9512355327606201,0.16091954708099365,0.020404769107699394,0.0579833984375,0.001220703125,1.0,1.0
VOS-Endovis17,seq_1,4,88,00088,0,0.9262740432282371,0.055081939697265624,0,0.013846836052834988,0.13280963897705078,0.91796875,0.9654059410095215,0.12600809335708618,0.014814537018537521,0.05548095703125,0.00250244140625,1.0,1.0
VOS-Endovis17,seq_1,4,89,00089,0,0.9251502680457031,0.05410079956054688,0,0.008120282553136349,0.13921940326690674,0.91015625,0.9933451414108276,0.05723541975021362,0.0009132922859862447,0.0543212890625,0.00115966796875,1.0,1.0
VOS-Endovis17,seq_1,4,90,00090,0,0.9059086395233367,0.0467620849609375,0,-0.015289576724171638,0.19737404584884644,0.8671875,0.9376578330993652,0.16500556468963623,0.025180919095873833,0.04681396484375,0.00750732421875,1.0,1.0
VOS-Endovis17,seq_1,4,91,00091,0,0.7972964593538786,0.022142791748046876,0,-0.12637867033481598,0.7071817815303802,0.7890625,0.4724065065383911,0.75,0.10413074493408203,0.0218505859375,0.02496337890625,1.0,1.0
VOS-Endovis17,seq_1,4,92,00092,0,0.8803576585124376,0.06829147338867188,0,-0.04531272500753403,0.5755524635314941,0.7890625,0.38158974051475525,0.8252127170562744,0.06110864132642746,0.07086181640625,0.04901123046875,1.0,1.0
VOS-Endovis17,seq_1,4,93,00093,0,0.8864486859025299,0.047037506103515626,0,-0.01619451865553856,0.998747218050994,0.8984375,0.02731563150882721,0.9940149784088135,0.20537440478801727,0.05224609375,0.01861572265625,1.0,1.0
VOS-Endovis17,seq_1,4,94,00094,0,0.9478306899053072,0.037624359130859375,0,-0.14517587423324585,1.0,0.9296875,0.42473483085632324,0.7546218633651733,0.055230654776096344,0.0382080078125,0.0140380859375,1.0,1.0
VOS-Endovis17,seq_1,4,95,00095,0,0.8082297736296602,0.0587677001953125,0,-0.16840901970863342,0.998516742954962,0.88671875,0.17229187488555908,0.9116064310073853,0.12128215283155441,0.0482177734375,0.010009765625,1.0,1.0
VOS-Endovis17,seq_1,4,96,00096,0,0.8110940515262068,0.0478546142578125,1,0.3351615071296692,0.7310475707054138,0.90625,3.2680818549124524e-05,1.0,0.21952813863754272,0.0499267578125,0.001708984375,1.0,1.0
VOS-Endovis17,seq_1,4,97,00097,0,0.9196796069566581,0.05425872802734375,0,-0.05652075260877609,0.3103957772254944,0.8984375,0.8927834033966064,0.25790512561798096,0.05779910087585449,0.05767822265625,0.00775146484375,1.0,1.0
VOS-Endovis17,seq_1,4,98,00098,0,0.8454579116267589,0.05413665771484375,0,0.0282219760119915,0.28865134716033936,0.9296875,0.9112402200698853,0.24084246158599854,0.04039119556546211,0.0595703125,0.00189208984375,1.0,1.0
VOS-Endovis17,seq_1,4,99,00099,0,0.7984499455618589,0.04362640380859375,1,0.09887433052062988,0.5023730993270874,0.87890625,0.8094078898429871,0.37985867261886597,0.03924568369984627,0.0523681640625,0.0072021484375,1.0,1.0
VOS-Endovis17,seq_1,4,100,00100,0,0.8660431766814746,0.04366302490234375,0,-0.03989620506763458,0.3704547882080078,0.875,0.8499854207038879,0.3557114005088806,0.023615054786205292,0.04779052734375,0.00457763671875,1.0,1.0
VOS-Endovis17,seq_1,4,101,00101,0,0.7478274363749224,0.037244415283203124,0,-0.10582830756902695,0.4719763398170471,0.8828125,0.887963593006134,0.290988028049469,0.014081682078540325,0.04827880859375,0.00048828125,1.0,1.0
VOS-Endovis17,seq_1,4,102,00102,0,0.7849337253730404,0.03839187622070313,1,0.057323530316352844,0.5205059051513672,0.890625,0.5091008543968201,0.6918604373931885,0.052919868379831314,0.0478515625,0.00042724609375,1.0,1.0
VOS-Endovis17,seq_1,4,103,00103,0,0.805012774838965,0.03678054809570312,0,0.0053817518055438995,0.29003316164016724,0.90234375,0.9208647012710571,0.23674476146697998,0.01745789311826229,0.0394287109375,0.0084228515625,1.0,1.0
VOS-Endovis17,seq_1,4,104,00104,0,0.7629803361715869,0.039807891845703124,0,-0.013825721107423306,0.32311367988586426,0.875,0.9822105765342712,0.09705883264541626,0.012983879074454308,0.03955078125,0.0001220703125,1.0,1.0
VOS-Endovis17,seq_1,4,105,00105,0,0.9161632843066624,0.06344451904296874,1,0.04598548635840416,0.7331030070781708,0.93359375,0.49178001284599304,0.7041115760803223,0.18546338379383087,0.06817626953125,0.02862548828125,1.0,1.0
VOS-Endovis17,seq_1,4,106,00106,0,0.9042098840756558,0.06173248291015625,0,-0.0028548757545650005,0.3380569815635681,0.9296875,0.8435453772544861,0.31187736988067627,0.018542956560850143,0.0662841796875,0.00189208984375,1.0,1.0
VOS-Endovis17,seq_1,4,107,00107,0,0.909078774935689,0.05822296142578125,0,-0.012473752722144127,0.6516504287719727,0.90625,0.6219687461853027,0.5900537967681885,0.06541680544614792,0.061767578125,0.0045166015625,1.0,1.0
VOS-Endovis17,seq_1,4,108,00108,0,0.9307787090241433,0.05941009521484375,1,0.35894858837127686,0.969420799985528,0.91796875,0.10332876443862915,0.955775260925293,0.10119324177503586,0.06072998046875,0.00103759765625,1.0,1.0
VOS-Endovis17,seq_1,4,109,00109,0,0.9191364800585438,0.06297225952148437,0,-0.01619534194469452,0.15562480688095093,0.94140625,0.9397896528244019,0.16308242082595825,0.036177098751068115,0.06439208984375,0.003662109375,1.0,1.0
VOS-Endovis17,seq_1,4,110,00110,0,0.9261863518256827,0.0630828857421875,0,-0.0036131623201072216,0.12041676044464111,0.93359375,0.9726165533065796,0.10644006729125977,0.004728206433355808,0.0648193359375,0.00042724609375,1.0,1.0
VOS-Endovis17,seq_1,4,111,00111,0,0.9085590177740348,0.063018798828125,0,0.021779784932732582,0.2668192982673645,0.93359375,0.9314467906951904,0.18896323442459106,0.01384777668863535,0.0673828125,0.0025634765625,1.0,1.0
VOS-Endovis17,seq_1,4,112,00112,0,0.9298773557333218,0.06650619506835938,0,0.0006236257031559944,0.28605401515960693,0.93359375,0.9902116060256958,0.057491302490234375,0.0017158793052658439,0.0687255859375,0.0013427734375,1.0,1.0
VOS-Endovis17,seq_1,4,113,00113,0,0.9436613905111748,0.07155380249023438,0,-0.012624349445104599,0.6423837244510651,0.93359375,0.6794589757919312,0.5205920338630676,0.03188592940568924,0.07159423828125,0.00286865234375,1.0,1.0
VOS-Endovis17,seq_1,4,114,00114,0,0.9500269552158342,0.07689895629882812,0,-0.050556786358356476,0.9481625817716122,0.93359375,0.3023098111152649,0.8359636664390564,0.06501145660877228,0.07696533203125,0.00537109375,1.0,1.0
VOS-Endovis17,seq_1,4,115,00115,0,0.922170243991928,0.08054962158203124,0,-0.08728604763746262,0.8600616455078125,0.9140625,0.7456979751586914,0.4453219771385193,0.0897352397441864,0.0792236328125,0.00225830078125,1.0,1.0
VOS-Endovis17,seq_1,4,116,00116,0,0.9582589746961472,0.07939987182617188,1,0.11702273041009903,0.5226065814495087,0.9453125,0.2460867166519165,0.8730434775352478,0.09813756495714188,0.0789794921875,0.000244140625,1.0,1.0
VOS-Endovis17,seq_1,4,117,00117,0,0.9295912305245204,0.07694931030273437,1,0.08599437773227692,0.3412790298461914,0.9296875,0.8270930051803589,0.3452768921852112,0.054390329867601395,0.0760498046875,0.0029296875,1.0,1.0
VOS-Endovis17,seq_1,4,118,00118,0,0.9240280035004376,0.0584503173828125,1,0.11015044152736664,0.4328579902648926,0.9296875,0.7645086050033569,0.4343506097793579,0.07970932126045227,0.05859375,0.0174560546875,1.0,1.0
VOS-Endovis17,seq_1,4,119,00119,0,0.9379272296679046,0.05520706176757813,1,0.09457415342330933,0.3319748044013977,0.93359375,0.8497915267944336,0.319419264793396,0.026808585971593857,0.054443359375,0.004150390625,1.0,1.0
VOS-Endovis17,seq_1,4,120,00120,0,0.913334216101695,0.04467620849609375,1,0.07774737477302551,0.7488029897212982,0.90625,0.44478312134742737,0.731284499168396,0.08481834083795547,0.0438232421875,0.0106201171875,1.0,1.0
VOS-Endovis17,seq_1,4,121,00121,0,0.8743508767293436,0.056009674072265626,0,0.010612390004098415,0.3208301067352295,0.8828125,0.8565036058425903,0.29729729890823364,0.011474499478936195,0.05230712890625,0.00848388671875,1.0,1.0
VOS-Endovis17,seq_1,4,122,00122,0,0.9461152753709381,0.07286300659179687,1,0.0966460257768631,0.5805016160011292,0.92578125,0.6487553119659424,0.5658640265464783,0.06448200345039368,0.0712890625,0.01898193359375,1.0,1.0
VOS-Endovis17,seq_1,4,123,00123,0,0.8497988785958069,0.022371673583984376,0,-0.20327235758304596,0.7934504151344299,0.87890625,0.43856292963027954,0.7791699171066284,0.06950350105762482,0.02386474609375,0.04742431640625,1.0,1.0
VOS-Endovis17,seq_1,4,124,00124,0,0.8651107847519316,0.04425811767578125,0,-0.2979625463485718,0.8313476741313934,0.8828125,0.6029914617538452,0.6320293545722961,0.15882471203804016,0.04443359375,0.02056884765625,1.0,1.0
VOS-Endovis17,seq_1,4,125,00125,0,0.8732376350198977,0.04894561767578125,0,-0.12692025303840637,0.4807448983192444,0.8828125,0.4119842052459717,0.7624309062957764,0.14941981434822083,0.05126953125,0.0068359375,1.0,1.0
VOS-Endovis17,seq_1,4,126,00126,0,0.7688679245283019,0.03043975830078125,0,-0.3131694197654724,0.706450492143631,0.8125,0.7427055835723877,0.4892086386680603,0.04732554405927658,0.0384521484375,0.0128173828125,1.0,1.0
VOS-Endovis17,seq_1,4,127,00127,0,0.8879570682337578,0.0340057373046875,0,-0.5205281376838684,0.9603280648589134,0.88671875,0.19818788766860962,0.9042933583259583,0.19509994983673096,0.03631591796875,0.00213623046875,1.0,1.0
VOS-Endovis17,seq_1,4,128,00128,0,0.9381049557223897,0.07740859985351563,1,0.048476967960596085,0.4264029264450073,0.93359375,0.013370989821851254,0.9941952228546143,0.15796896815299988,0.08001708984375,0.043701171875,1.0,1.0
VOS-Endovis17,seq_1,4,129,00129,0,0.9244185520566657,0.08072433471679688,0,-0.12610268592834473,0.5133233368396759,0.9375,0.6907409429550171,0.5160202383995056,0.059303730726242065,0.08111572265625,0.0010986328125,1.0,1.0
VOS-Endovis17,seq_1,4,130,00130,0,0.9485509922447473,0.0755218505859375,1,0.1966673731803894,0.3538314700126648,0.9375,0.698003888130188,0.49941927194595337,0.030382687225937843,0.07659912109375,0.0045166015625,1.0,1.0
VOS-Endovis17,seq_1,4,131,00131,0,0.945215730292826,0.07486801147460938,0,0.003944534808397293,0.11134427785873413,0.94140625,0.9740201234817505,0.103579580783844,0.004823196213692427,0.07537841796875,0.001220703125,1.0,1.0
VOS-Endovis17,seq_1,4,132,00132,0,0.918202873641518,0.0694244384765625,0,-0.022864926606416702,0.11706870794296265,0.91796875,0.9541069269180298,0.15695416927337646,0.01701720803976059,0.06939697265625,0.0059814453125,1.0,1.0
VOS-Endovis17,seq_1,4,133,00133,0,0.7522104068343389,0.0399169921875,0,-0.27852749824523926,0.6080220937728882,0.8671875,0.734616756439209,0.4965088963508606,0.017686031758785248,0.04888916015625,0.0205078125,1.0,1.0
VOS-Endovis17,seq_1,4,134,00134,0,0.9222719494537317,0.06553573608398437,0,0.0017270664684474468,0.16073095798492432,0.93359375,0.7181916236877441,0.5011801719665527,0.021311163902282715,0.0673828125,0.01849365234375,1.0,1.0
VOS-Endovis17,seq_1,4,135,00135,0,0.9019242496104072,0.062189483642578126,0,-0.014101197943091393,0.21487629413604736,0.91796875,0.9587605595588684,0.14710885286331177,0.013588995672762394,0.06561279296875,0.00177001953125,1.0,1.0
VOS-Endovis17,seq_1,4,136,00136,0,0.8979011667230301,0.06899948120117187,0,0.002958308905363083,0.21965432167053223,0.9296875,0.9667127132415771,0.12908780574798584,0.0038269585929811,0.06707763671875,0.00146484375,1.0,1.0
VOS-Endovis17,seq_1,4,137,00137,0,0.9280190615991746,0.06798095703125,0,-0.012523478828370571,0.23665952682495117,0.94140625,0.9791229963302612,0.09292411804199219,0.0021018243860453367,0.0694580078125,0.00238037109375,1.0,1.0
VOS-Endovis17,seq_1,4,138,00138,0,0.9436106077700662,0.06484527587890625,0,0.02533891052007675,0.3274819850921631,0.93359375,0.7939054369926453,0.38664710521698,0.02997240237891674,0.06475830078125,0.00469970703125,1.0,1.0
VOS-Endovis17,seq_1,4,139,00139,0,0.9210908139479568,0.0599395751953125,0,-0.014333910308778286,0.3633648753166199,0.9375,0.9553097486495972,0.12488770484924316,0.033892422914505005,0.0626220703125,0.00213623046875,1.0,1.0
VOS-Endovis17,seq_1,4,140,00140,0,0.907194485171181,0.05445175170898438,0,-0.037738315761089325,1.0,0.9296875,0.005547620356082916,1.0,0.32646432518959045,0.05792236328125,0.00469970703125,1.0,1.0
VOS-Endovis17,seq_1,4,141,00141,0,0.946524064171123,0.06570968627929688,1,0.2826078534126282,0.9677870832383633,0.9453125,0.26299068331718445,0.8608503341674805,0.07887448370456696,0.0679931640625,0.01007080078125,1.0,1.0
VOS-Endovis17,seq_1,4,142,00142,0,0.9384525899675783,0.067181396484375,0,0.0042775943875312805,0.044118285179138184,0.94140625,0.9834291934967041,0.060240983963012695,0.010777454823255539,0.069580078125,0.0015869140625,1.0,1.0
VOS-Endovis17,seq_1,4,143,00143,0,0.9571344685848503,0.06955947875976562,0,0.008236411027610302,0.09586203098297119,0.94140625,0.9951157569885254,0.03945112228393555,0.005064671393483877,0.0699462890625,0.0003662109375,1.0,1.0
VOS-Endovis17,seq_1,4,144,00144,0,0.9486979842546933,0.06783905029296874,0,0.010166743770241737,0.11906987428665161,0.9296875,0.9977262616157532,0.027705609798431396,0.0010926780523732305,0.069091796875,0.0008544921875,1.0,1.0
VOS-Endovis17,seq_1,4,145,00145,0,0.9160308290122107,0.0549468994140625,1,0.06640945374965668,0.7476679086685181,0.90625,0.47416067123413086,0.7198038101196289,0.10274796187877655,0.058349609375,0.0107421875,1.0,1.0
VOS-Endovis17,seq_1,4,146,00146,0,0.9232046170315094,0.046612548828125,0,-0.08973252028226852,0.9329806417226791,0.89453125,0.17728975415229797,0.9150000214576721,0.10156413912773132,0.047607421875,0.0107421875,1.0,1.0
VOS-Endovis17,seq_1,4,147,00147,0,0.9151498283699787,0.04026031494140625,0,-0.14821770787239075,1.0,0.8984375,0.130723237991333,0.9355572462081909,0.1482408195734024,0.0380859375,0.009521484375,1.0,1.0
VOS-Endovis17,seq_1,4,148,00148,0,0.9059215044107548,0.0275238037109375,0,-0.3451097309589386,1.0,0.91015625,0.7996899485588074,0.3969925045967102,0.030246920883655548,0.0269775390625,0.0111083984375,1.0,1.0
VOS-Endovis17,seq_1,4,149,00149,0,0.9184443322795739,0.026934814453125,0,-0.5107733011245728,1.0,0.90625,0.8113529682159424,0.3672727346420288,0.036617156118154526,0.02783203125,0.0008544921875,1.0,1.0
VOS-Endovis17,seq_1,4,150,00150,0,0.911050797867221,0.03679733276367188,0,-0.4763820469379425,0.9686612859368324,0.890625,0.2671308219432831,0.8581932783126831,0.11781533807516098,0.03851318359375,0.01068115234375,1.0,1.0
VOS-Endovis17,seq_1,4,151,00151,0,0.9163899291080807,0.030498504638671875,0,-0.532038688659668,0.9999910709502728,0.87109375,0.5247312784194946,0.6797235012054443,0.08119826763868332,0.03143310546875,0.007080078125,1.0,1.0
VOS-Endovis17,seq_1,4,152,00152,0,0.9194848130036504,0.05377044677734375,0,-0.25523626804351807,0.5466061532497406,0.87109375,0.0006117753218859434,1.0,0.2135806381702423,0.0523681640625,0.02093505859375,1.0,1.0
VOS-Endovis17,seq_1,4,153,00153,0,0.9600950264701967,0.071875,1,0.04322986677289009,0.24515175819396973,0.953125,0.6788119673728943,0.542816698551178,0.0261045191437006,0.07330322265625,0.02093505859375,1.0,1.0
VOS-Endovis17,seq_1,4,154,00154,0,0.956477136309069,0.06901931762695312,1,0.039543211460113525,0.18031060695648193,0.9375,0.9343841671943665,0.18897640705108643,0.010352667421102524,0.06707763671875,0.0062255859375,1.0,1.0
VOS-Endovis17,seq_1,4,155,00155,0,0.9558924298168862,0.06990127563476563,0,0.010517140850424767,0.09631049633026123,0.9453125,0.9666007161140442,0.11416667699813843,0.023331930860877037,0.071044921875,0.00396728515625,1.0,1.0
VOS-Endovis17,seq_1,4,156,00156,0,0.9435915656893615,0.05934066772460937,0,-0.03593113273382187,0.20342350006103516,0.9375,0.934934675693512,0.16850125789642334,0.040288299322128296,0.06097412109375,0.01007080078125,1.0,1.0
VOS-Endovis17,seq_1,4,157,00157,0,0.9427305911680912,0.06557846069335938,0,-0.01638875901699066,0.16477686166763306,0.94921875,0.9209664463996887,0.20257508754730225,0.042821068316698074,0.06683349609375,0.005859375,1.0,1.0
VOS-Endovis17,seq_1,4,158,00158,0,0.941523557904007,0.05738983154296875,1,0.037043776363134384,0.5427576303482056,0.9453125,0.6279278993606567,0.5745704174041748,0.08795622736215591,0.05975341796875,0.007080078125,1.0,1.0
VOS-Endovis17,seq_1,4,159,00159,0,0.9068516977285691,0.07765121459960937,0,0.025099053978919983,0.49204277992248535,0.94140625,0.7573942542076111,0.4403606057167053,0.06412997096776962,0.0775146484375,0.01776123046875,1.0,1.0
VOS-Endovis17,seq_1,4,160,00160,0,0.935006435006435,0.1202484130859375,0,0.00957427080720663,0.6332423388957977,0.953125,0.8302603960037231,0.35468751192092896,0.06727299839258194,0.11529541015625,0.03778076171875,1.0,1.0
VOS-Endovis17,seq_1,4,161,00161,0,0.9596859144720947,0.15421066284179688,1,0.03067263960838318,0.6287365555763245,0.953125,0.5379548072814941,0.6608062982559204,0.07833875715732574,0.15435791015625,0.0390625,1.0,1.0
VOS-Endovis17,seq_1,4,162,00162,0,0.9446357551653894,0.18305435180664062,0,-0.01329725980758667,0.6102544367313385,0.95703125,0.5977330207824707,0.6070529222488403,0.11256731301546097,0.18316650390625,0.02880859375,1.0,1.0
VOS-Endovis17,seq_1,4,163,00163,0,0.9611406707718061,0.17392501831054688,0,-0.026267485693097115,0.9014510437846184,0.9609375,0.1847987323999405,0.9042830467224121,0.23444244265556335,0.17596435546875,0.0072021484375,1.0,1.0
VOS-Endovis17,seq_1,4,164,00164,0,0.8784974639974967,0.1005950927734375,0,-0.04181477427482605,0.9039555266499519,0.88671875,0.27185580134391785,0.8618841171264648,0.27115243673324585,0.09613037109375,0.079833984375,1.0,1.0
VOS-Endovis17,seq_1,4,165,00165,0,0.0,0.0,0,-0.13853316009044647,1.0,0.76171875,0.04244431108236313,0.9961165189743042,0.23250336945056915,0.03009033203125,0.0660400390625,1.0,1.0
VOS-Endovis17,seq_1,4,166,00166,0,0.0,0.019585418701171874,0,-0.09198860824108124,1.0,2.574980159653073e-18,0.0,1.0,1.0,0.0,0.03009033203125,1.0,1.0
VOS-Endovis17,seq_1,4,167,00167,0,0.0,0.011429595947265624,0,-0.19546759128570557,1.0,1.0800249583553523e-11,0.0,0.0,1.0,0.0,0.0,1.0,1.0
VOS-Endovis17,seq_1,4,168,00168,0,0.859748890906288,0.04393463134765625,0,-0.17481696605682373,0.842437669634819,0.80859375,0.0,1.0,1.0,0.03857421875,0.03857421875,1.0,1.0
VOS-Endovis17,seq_1,4,169,00169,0,0.9550658889608987,0.06834335327148437,0,-0.1788245588541031,1.0,0.9453125,8.809780410956591e-05,1.0,0.3366224467754364,0.06976318359375,0.03118896484375,1.0,1.0
VOS-Endovis17,seq_1,4,170,00170,0,0.9632811197472153,0.09467239379882812,1,0.2384561002254486,0.7801908552646637,0.94921875,0.003017249284312129,1.0,0.18331345915794373,0.09381103515625,0.0240478515625,1.0,1.0
VOS-Endovis17,seq_1,4,171,00171,0,0.9578814305789959,0.11093978881835938,1,0.07192008942365646,0.1968178153038025,0.9296875,0.9140151739120483,0.20342612266540527,0.0650976300239563,0.11102294921875,0.0172119140625,1.0,1.0
VOS-Endovis17,seq_1,4,172,00172,0,0.9633189514004585,0.10471954345703124,0,-0.026090696454048157,0.11212927103042603,0.91796875,0.9717062711715698,0.0983957052230835,0.012272813357412815,0.10601806640625,0.0050048828125,1.0,1.0
VOS-Endovis17,seq_1,4,173,00173,0,0.9093364558938329,0.09178543090820312,0,-0.005763671360909939,0.3320820927619934,0.88671875,0.8232927918434143,0.3735119104385376,0.025101736187934875,0.0941162109375,0.01190185546875,1.0,1.0
VOS-Endovis17,seq_1,4,174,00174,0,0.9151724507693839,0.09300613403320312,0,0.002163272351026535,0.21690666675567627,0.91015625,0.8717434406280518,0.31344085931777954,0.020560413599014282,0.09735107421875,0.00323486328125,1.0,1.0
VOS-Endovis17,seq_1,4,175,00175,0,0.906659326639928,0.08126068115234375,0,-0.013571145012974739,0.4469165802001953,0.90234375,0.7993675470352173,0.40395933389663696,0.024821145460009575,0.084716796875,0.01263427734375,1.0,1.0
VOS-Endovis17,seq_1,4,176,00176,0,0.7605957129329393,0.07602462768554688,0,0.005141084082424641,0.7917523384094238,0.75390625,0.24792742729187012,0.8809632062911987,0.14938107132911682,0.06561279296875,0.01910400390625,1.0,1.0
VOS-Endovis17,seq_1,4,177,00177,0,0.8739926650066849,0.11194076538085937,1,0.18277999758720398,1.0,0.90234375,0.00030353749752976,1.0,0.22983674705028534,0.12139892578125,0.0557861328125,1.0,1.0
VOS-Endovis17,seq_1,4,178,00178,0,0.8847291330857103,0.14890518188476562,0,-0.032759007066488266,0.8527287840843201,0.90625,0.34337902069091797,0.8192337155342102,0.1615077406167984,0.15887451171875,0.0374755859375,1.0,1.0
VOS-Endovis17,seq_1,4,179,00179,0,0.9252133416588615,0.0548553466796875,1,0.12924551963806152,0.8103638738393784,0.9375,0.41261979937553406,0.7863978147506714,0.3226691484451294,0.057861328125,0.10101318359375,1.0,1.0
VOS-Endovis17,seq_1,4,180,00180,0,0.9418259818035242,0.051439666748046876,0,0.02618873119354248,0.2751076817512512,0.93359375,0.878490149974823,0.27246373891830444,0.034093692898750305,0.05126953125,0.006591796875,1.0,1.0
VOS-Endovis17,seq_1,4,181,00181,0,0.9429701518942553,0.05699996948242188,1,0.4029931128025055,0.6390253007411957,0.9453125,0.6333058476448059,0.5626959204673767,0.056819166988134384,0.0606689453125,0.0093994140625,1.0,1.0
VOS-Endovis17,seq_1,4,182,00182,0,0.944945648636334,0.05553512573242188,1,0.07794559746980667,0.14612138271331787,0.94921875,0.957421064376831,0.14176243543624878,0.01000008825212717,0.0577392578125,0.0029296875,1.0,1.0
VOS-Endovis17,seq_1,4,183,00183,0,0.9539011446268025,0.05406112670898437,0,0.010332035832107067,0.12738722562789917,0.9375,0.9620230197906494,0.10195672512054443,0.01823451556265354,0.05474853515625,0.00299072265625,1.0,1.0
VOS-Endovis17,seq_1,4,184,00184,0,0.9504902704417261,0.053802490234375,1,0.03891400992870331,0.14416873455047607,0.92578125,0.989934504032135,0.05978262424468994,0.0032439217902719975,0.05419921875,0.00054931640625,1.0,1.0
VOS-Endovis17,seq_1,4,185,00185,0,0.9524879915439062,0.05562667846679688,0,0.006108751520514488,0.12760597467422485,0.93359375,0.9530197381973267,0.12708336114883423,0.015341492369771004,0.0555419921875,0.0013427734375,1.0,1.0
VOS-Endovis17,seq_1,4,186,00186,0,0.9139575836459689,0.046567535400390624,0,0.02385152317583561,0.2756572961807251,0.89453125,0.9201954007148743,0.21041667461395264,0.007373579312115908,0.04931640625,0.0062255859375,1.0,1.0
VOS-Endovis17,seq_1,4,187,00187,0,0.9256174612291787,0.03487396240234375,0,-0.14789704978466034,0.8817049115896225,0.921875,0.29616427421569824,0.8442623019218445,0.06899728626012802,0.0367431640625,0.0125732421875,1.0,1.0
VOS-Endovis17,seq_1,4,188,00188,0,0.8997253567377157,0.04717330932617188,1,0.1886187493801117,0.38328200578689575,0.94140625,0.44794514775276184,0.7314234972000122,0.0557061992585659,0.04974365234375,0.01300048828125,1.0,1.0
VOS-Endovis17,seq_1,4,189,00189,0,0.9015179392824287,0.04602203369140625,0,0.027780599892139435,0.15896004438400269,0.91796875,0.9587525725364685,0.1325581669807434,0.016505224630236626,0.04827880859375,0.00146484375,1.0,1.0
VOS-Endovis17,seq_1,4,190,00190,0,0.8389736620529713,0.044382476806640626,0,0.016440067440271378,0.2611392140388489,0.890625,0.9488590955734253,0.1833520531654358,0.01890060119330883,0.05029296875,0.00201416015625,1.0,1.0
VOS-Endovis17,seq_1,4,191,00191,0,0.8964899335933383,0.033294677734375,0,-0.2875480055809021,0.7311454117298126,0.90234375,0.6139280796051025,0.606965184211731,0.06406667828559875,0.03515625,0.01513671875,1.0,1.0
VOS-Endovis17,seq_1,4,192,00192,0,0.9024688680998699,0.04492263793945313,0,-0.03977418690919876,0.4001696705818176,0.93359375,0.7301531434059143,0.47845304012298584,0.049962617456912994,0.04888916015625,0.01373291015625,1.0,1.0
VOS-Endovis17,seq_1,4,193,00193,0,0.8848490869054123,0.04155654907226562,0,-0.004473494365811348,0.21436798572540283,0.91015625,0.7908713221549988,0.41152262687683105,0.026209669187664986,0.04534912109375,0.0035400390625,1.0,1.0
VOS-Endovis17,seq_1,4,194,00194,0,0.9377005015862888,0.04090423583984375,1,0.03244359791278839,0.2658364772796631,0.9140625,0.9382538199424744,0.1798742413520813,0.006209319923073053,0.04296875,0.00238037109375,1.0,1.0
VOS-Endovis17,seq_1,4,195,00195,0,0.8677323812228669,0.034938812255859375,0,-0.01633235067129135,0.28501683473587036,0.89453125,0.8550347685813904,0.29600000381469727,0.050220102071762085,0.0350341796875,0.0079345703125,1.0,1.0
VOS-Endovis17,seq_1,4,196,00196,0,0.9304306832339967,0.022006988525390625,0,-0.15209712088108063,0.7269737720489502,0.87109375,0.522403359413147,0.6869688034057617,0.04187564179301262,0.02154541015625,0.01348876953125,1.0,1.0
VOS-Endovis17,seq_1,4,197,00197,0,0.9171232538624808,0.0427764892578125,0,0.0023217573761940002,0.13965874910354614,0.9375,0.47701436281204224,0.731034517288208,0.04242585971951485,0.04583740234375,0.0242919921875,1.0,1.0
VOS-Endovis17,seq_1,4,198,00198,0,0.8402099167571481,0.034429931640625,0,0.0008724620565772057,0.36237895488739014,0.875,0.8323637247085571,0.3641975522041321,0.06178351119160652,0.0350341796875,0.01080322265625,1.0,1.0
VOS-Endovis17,seq_1,4,199,00199,0,0.9037023823038126,0.04306182861328125,0,0.00023227650672197342,0.3700960874557495,0.90234375,0.8121304512023926,0.3872135281562805,0.05490678921341896,0.04656982421875,0.01153564453125,1.0,1.0
VOS-Endovis17,seq_1,4,200,00200,0,0.8419630295178793,0.046457672119140626,1,0.2310328483581543,1.0,0.890625,7.356342393904924e-05,1.0,0.23680882155895233,0.05419921875,0.00762939453125,1.0,1.0
VOS-Endovis17,seq_1,4,201,00201,0,0.9413787761425252,0.07023468017578124,1,0.12190771847963333,0.4393073320388794,0.9375,0.8312766551971436,0.3696162700653076,0.018818486481904984,0.0728759765625,0.0186767578125,1.0,1.0
VOS-Endovis17,seq_1,4,202,00202,0,0.9514572504379979,0.0762298583984375,0,0.02070578560233116,0.2035503387451172,0.9375,0.9267770051956177,0.20058566331863403,0.0008508015889674425,0.0771484375,0.0042724609375,1.0,1.0
VOS-Endovis17,seq_1,4,203,00203,0,0.9415094158616257,0.07711029052734375,0,0.015110264532268047,0.22562772035598755,0.93359375,0.9374609589576721,0.17258882522583008,0.007012847810983658,0.07666015625,0.00048828125,1.0,1.0
VOS-Endovis17,seq_1,4,204,00204,0,0.8905230083113724,0.06863861083984375,0,0.0016586348647251725,0.3140462040901184,0.89453125,0.9450085759162903,0.17100369930267334,0.002382791368290782,0.073486328125,0.003173828125,1.0,1.0
VOS-Endovis17,seq_1,4,205,00205,0,0.880184182366484,0.06360626220703125,0,-0.07133305817842484,0.5628077387809753,0.8984375,0.6316025257110596,0.5901639461517334,0.042558442801237106,0.0682373046875,0.0052490234375,1.0,1.0
VOS-Endovis17,seq_1,4,206,00206,0,0.7751360613760941,0.06442489624023437,0,0.020137839019298553,0.9999376735213445,0.85546875,0.00020249953377060592,1.0,0.16829387843608856,0.07403564453125,0.00579833984375,1.0,1.0
VOS-Endovis17,seq_1,4,207,00207,0,0.8965723119569273,0.06665802001953125,0,-0.19682586193084717,1.0,0.90625,0.13837739825248718,0.9330295920372009,0.17932412028312683,0.06890869140625,0.005126953125,1.0,1.0
VOS-Endovis17,seq_1,4,208,00208,0,0.9441408048351493,0.0626434326171875,1,0.039324045181274414,1.0,0.9453125,0.2066221386194229,0.8918640613555908,0.14070314168930054,0.06243896484375,0.0064697265625,1.0,1.0
VOS-Endovis17,seq_1,4,209,00209,0,0.9502894070062066,0.06310348510742188,0,0.02816891111433506,0.14133477210998535,0.94921875,0.9699378609657288,0.11594200134277344,0.0074990843422710896,0.06451416015625,0.0020751953125,1.0,1.0
VOS-Endovis17,seq_1,4,210,00210,0,0.9466952928411478,0.06282958984375,0,0.01744111254811287,0.21615290641784668,0.94921875,0.9862985014915466,0.06642401218414307,0.004879334010183811,0.065185546875,0.00067138671875,1.0,1.0
VOS-Endovis17,seq_1,4,211,00211,0,0.8903511615343058,0.06424789428710938,0,-0.008266545832157135,0.6757197976112366,0.9140625,0.6601519584655762,0.5485789775848389,0.05236220359802246,0.06884765625,0.003662109375,1.0,1.0
VOS-Endovis17,seq_1,4,212,00212,0,0.9568485965860326,0.09291915893554688,1,0.0739244669675827,1.0,0.95703125,0.19841943681240082,0.9011484980583191,0.12774279713630676,0.09466552734375,0.02581787109375,1.0,1.0
VOS-Endovis17,seq_1,4,213,00213,0,0.961116098019312,0.0888916015625,0,-0.008519736118614674,0.1716957688331604,0.9609375,0.9405249953269958,0.16463416814804077,0.012254752218723297,0.08905029296875,0.005615234375,1.0,1.0
VOS-Endovis17,seq_1,4,214,00214,0,0.9467022239154246,0.07722930908203125,0,-0.0006766719743609428,0.21810203790664673,0.93359375,0.8641150593757629,0.3013613820075989,0.04694926738739014,0.0784912109375,0.01055908203125,1.0,1.0
VOS-Endovis17,seq_1,4,215,00215,0,0.9327198766186046,0.07102813720703124,0,-0.03722424805164337,0.6575981676578522,0.8984375,0.6330698132514954,0.5804962515830994,0.04314722493290901,0.0716552734375,0.0068359375,1.0,1.0
VOS-Endovis17,seq_1,4,216,00216,0,0.7093314779938342,0.0460418701171875,1,0.2889042794704437,0.9038864299654961,0.87890625,0.07518661022186279,0.9637817740440369,0.16978846490383148,0.06280517578125,0.00885009765625,1.0,1.0
VOS-Endovis17,seq_1,4,217,00217,0,0.7159193996206394,0.040148162841796876,0,-0.025449201464653015,0.5438316166400909,0.8984375,0.8932417035102844,0.27305281162261963,0.021416744217276573,0.054931640625,0.00787353515625,1.0,1.0
VOS-Endovis17,seq_1,4,218,00218,0,0.8729160521503156,0.058069610595703126,1,0.16071641445159912,0.6589785814285278,0.890625,0.598601758480072,0.6143884658813477,0.06032343581318855,0.0626220703125,0.0076904296875,1.0,1.0
VOS-Endovis17,seq_1,4,219,00219,0,0.9290993958723766,0.06329574584960937,0,-0.18483765423297882,0.5700262486934662,0.93359375,0.7019529342651367,0.521895170211792,0.03739584982395172,0.06304931640625,0.00042724609375,1.0,1.0
VOS-Endovis17,seq_1,4,220,00220,0,0.9149240999168817,0.065301513671875,0,-0.05481643229722977,0.2704792618751526,0.94140625,0.7807751297950745,0.413382887840271,0.02948612906038761,0.06719970703125,0.004150390625,1.0,1.0
VOS-Endovis17,seq_1,4,221,00221,0,0.9554216867469879,0.07394180297851563,1,0.10264601558446884,0.40429753065109253,0.9453125,0.7092234492301941,0.5022364258766174,0.04140789806842804,0.07586669921875,0.0086669921875,1.0,1.0
VOS-Endovis17,seq_1,4,222,00222,0,0.8921429741632696,0.07725601196289063,0,0.015742227435112,0.10705584287643433,0.9140625,0.9504083395004272,0.1584533452987671,0.016666602343320847,0.0723876953125,0.00347900390625,1.0,1.0
VOS-Endovis17,seq_1,4,223,00223,0,0.9514438698457737,0.0478973388671875,1,0.258971631526947,0.6641041338443756,0.9453125,0.5900375843048096,0.6195726990699768,0.03234045207500458,0.04986572265625,0.02252197265625,1.0,1.0
VOS-Endovis17,seq_1,4,224,00224,0,0.9367586549910323,0.048732757568359375,0,0.0,0.4523314833641052,0.91796875,0.7652610540390015,0.41796875,0.02347070351243019,0.04901123046875,0.0008544921875,1.0,1.0
